price_id,version,price_list,product_id,sku_id,parent_sku_id,pricing_scheme,list_price,complex_price,start_date,end_date
lfrpxsku1316,1,listPrices,NULL,frsku1316,NULL,0,58.0000000,NULL,NULL,NULL
lfrpxsku1317,1,listPrices,NULL,frsku1317,NULL,0,58.0000000,NULL,NULL,NULL
lfrpxsku1318,1,listPrices,NULL,frsku1318,NULL,0,58.0000000,NULL,NULL,NULL
lfrpxsku1319,1,listPrices,NULL,frsku1319,NULL,0,58.0000000,NULL,NULL,NULL
lfrpxsku1320,1,listPrices,NULL,frsku1320,NULL,0,58.0000000,NULL,NULL,NULL
lfrpxsku1321,1,listPrices,NULL,frsku1321,NULL,0,58.0000000,NULL,NULL,NULL
lfrpxsku1322,1,listPrices,NULL,frsku1322,NULL,0,58.0000000,NULL,NULL,NULL
lfrpxsku1323,1,listPrices,NULL,frsku1323,NULL,0,58.0000000,NULL,NULL,NULL
lfrpxsku1324,1,listPrices,NULL,frsku1324,NULL,0,58.0000000,NULL,NULL,NULL
lfrpxsku1325,1,listPrices,NULL,frsku1325,NULL,0,58.0000000,NULL,NULL,NULL
lfrpxsku1326,1,listPrices,NULL,frsku1326,NULL,0,58.0000000,NULL,NULL,NULL
lfrpxsku1327,1,listPrices,NULL,frsku1327,NULL,0,58.0000000,NULL,NULL,NULL
lfrpxsku1328,1,listPrices,NULL,frsku1328,NULL,0,88.0000000,NULL,NULL,NULL
lfrpxsku1329,1,listPrices,NULL,frsku1329,NULL,0,88.0000000,NULL,NULL,NULL
lfrpxsku1330,1,listPrices,NULL,frsku1330,NULL,0,88.0000000,NULL,NULL,NULL
lfrpxsku1331,1,listPrices,NULL,frsku1331,NULL,0,88.0000000,NULL,NULL,NULL
lfrpxsku1332,1,listPrices,NULL,frsku1332,NULL,0,88.0000000,NULL,NULL,NULL
lfrpxsku1333,1,listPrices,NULL,frsku1333,NULL,0,88.0000000,NULL,NULL,NULL
lfrpxsku1334,1,listPrices,NULL,frsku1334,NULL,0,59.0000000,NULL,NULL,NULL
lfrpxsku1335,1,listPrices,NULL,frsku1335,NULL,0,59.0000000,NULL,NULL,NULL
lfrpxsku1336,1,listPrices,NULL,frsku1336,NULL,0,59.0000000,NULL,NULL,NULL
lfrpxsku1337,1,listPrices,NULL,frsku1337,NULL,0,59.0000000,NULL,NULL,NULL
lfrpxsku1338,1,listPrices,NULL,frsku1338,NULL,0,59.0000000,NULL,NULL,NULL
lfrpxsku1339,1,listPrices,NULL,frsku1339,NULL,0,59.0000000,NULL,NULL,NULL
lfrpxsku1340,1,listPrices,NULL,frsku1340,NULL,0,59.0000000,NULL,NULL,NULL
lfrpxsku1341,1,listPrices,NULL,frsku1341,NULL,0,59.0000000,NULL,NULL,NULL
lfrpxsku1342,1,listPrices,NULL,frsku1342,NULL,0,59.0000000,NULL,NULL,NULL
lfrpxsku1343,1,listPrices,NULL,frsku1343,NULL,0,59.0000000,NULL,NULL,NULL
lfrpxsku1344,1,listPrices,NULL,frsku1344,NULL,0,59.0000000,NULL,NULL,NULL
lfrpxsku1345,1,listPrices,NULL,frsku1345,NULL,0,59.0000000,NULL,NULL,NULL
lfrpxsku2506_1,1,listPrices,NULL,frsku2506_1,NULL,0,49.0000000,NULL,NULL,NULL
lfrpxsku2506_10,1,listPrices,NULL,frsku2506_10,NULL,0,49.0000000,NULL,NULL,NULL
lfrpxsku2506_11,1,listPrices,NULL,frsku2506_11,NULL,0,49.0000000,NULL,NULL,NULL
lfrpxsku2506_12,1,listPrices,NULL,frsku2506_12,NULL,0,49.0000000,NULL,NULL,NULL
lfrpxsku2506_13,1,listPrices,NULL,frsku2506_13,NULL,0,49.0000000,NULL,NULL,NULL
lfrpxsku2506_14,1,listPrices,NULL,frsku2506_14,NULL,0,49.0000000,NULL,NULL,NULL
lfrpxsku2506_15,1,listPrices,NULL,frsku2506_15,NULL,0,49.0000000,NULL,NULL,NULL
lfrpxsku2506_16,1,listPrices,NULL,frsku2506_16,NULL,0,49.0000000,NULL,NULL,NULL
lfrpxsku2506_17,1,listPrices,NULL,frsku2506_17,NULL,0,49.0000000,NULL,NULL,NULL
lfrpxsku2506_18,1,listPrices,NULL,frsku2506_18,NULL,0,49.0000000,NULL,NULL,NULL
lfrpxsku2506_19,1,listPrices,NULL,frsku2506_19,NULL,0,49.0000000,NULL,NULL,NULL
lfrpxsku2506_2,1,listPrices,NULL,frsku2506_2,NULL,0,49.0000000,NULL,NULL,NULL
lfrpxsku2506_20,1,listPrices,NULL,frsku2506_20,NULL,0,49.0000000,NULL,NULL,NULL
lfrpxsku2506_21,1,listPrices,NULL,frsku2506_21,NULL,0,49.0000000,NULL,NULL,NULL
lfrpxsku2506_22,1,listPrices,NULL,frsku2506_22,NULL,0,49.0000000,NULL,NULL,NULL
lfrpxsku2506_23,1,listPrices,NULL,frsku2506_23,NULL,0,49.0000000,NULL,NULL,NULL
lfrpxsku2506_24,1,listPrices,NULL,frsku2506_24,NULL,0,49.0000000,NULL,NULL,NULL
lfrpxsku2506_3,1,listPrices,NULL,frsku2506_3,NULL,0,49.0000000,NULL,NULL,NULL
lfrpxsku2506_4,1,listPrices,NULL,frsku2506_4,NULL,0,49.0000000,NULL,NULL,NULL
lfrpxsku2506_5,1,listPrices,NULL,frsku2506_5,NULL,0,49.0000000,NULL,NULL,NULL
lfrpxsku2506_6,1,listPrices,NULL,frsku2506_6,NULL,0,49.0000000,NULL,NULL,NULL
lfrpxsku2506_7,1,listPrices,NULL,frsku2506_7,NULL,0,49.0000000,NULL,NULL,NULL
lfrpxsku2506_8,1,listPrices,NULL,frsku2506_8,NULL,0,49.0000000,NULL,NULL,NULL
lfrpxsku2506_9,1,listPrices,NULL,frsku2506_9,NULL,0,49.0000000,NULL,NULL,NULL
lfrpxsku2507_1,1,listPrices,NULL,frsku2507_1,NULL,0,69.0000000,NULL,NULL,NULL
lfrpxsku2507_10,1,listPrices,NULL,frsku2507_10,NULL,0,69.0000000,NULL,NULL,NULL
lfrpxsku2507_11,1,listPrices,NULL,frsku2507_11,NULL,0,69.0000000,NULL,NULL,NULL
lfrpxsku2507_12,1,listPrices,NULL,frsku2507_12,NULL,0,69.0000000,NULL,NULL,NULL
lfrpxsku2507_13,1,listPrices,NULL,frsku2507_13,NULL,0,69.0000000,NULL,NULL,NULL
lfrpxsku2507_14,1,listPrices,NULL,frsku2507_14,NULL,0,69.0000000,NULL,NULL,NULL
lfrpxsku2507_15,1,listPrices,NULL,frsku2507_15,NULL,0,69.0000000,NULL,NULL,NULL
lfrpxsku2507_16,1,listPrices,NULL,frsku2507_16,NULL,0,69.0000000,NULL,NULL,NULL
lfrpxsku2507_17,1,listPrices,NULL,frsku2507_17,NULL,0,69.0000000,NULL,NULL,NULL
lfrpxsku2507_18,1,listPrices,NULL,frsku2507_18,NULL,0,69.0000000,NULL,NULL,NULL
lfrpxsku2507_2,1,listPrices,NULL,frsku2507_2,NULL,0,69.0000000,NULL,NULL,NULL
lfrpxsku2507_3,1,listPrices,NULL,frsku2507_3,NULL,0,69.0000000,NULL,NULL,NULL
lfrpxsku2507_4,1,listPrices,NULL,frsku2507_4,NULL,0,69.0000000,NULL,NULL,NULL
lfrpxsku2507_5,1,listPrices,NULL,frsku2507_5,NULL,0,69.0000000,NULL,NULL,NULL
lfrpxsku2507_6,1,listPrices,NULL,frsku2507_6,NULL,0,69.0000000,NULL,NULL,NULL
lfrpxsku2507_7,1,listPrices,NULL,frsku2507_7,NULL,0,69.0000000,NULL,NULL,NULL
lfrpxsku2507_8,1,listPrices,NULL,frsku2507_8,NULL,0,69.0000000,NULL,NULL,NULL
lfrpxsku2507_9,1,listPrices,NULL,frsku2507_9,NULL,0,69.0000000,NULL,NULL,NULL
lfrpxsku2508_1,1,listPrices,NULL,frsku2508_1,NULL,0,64.0000000,NULL,NULL,NULL
lfrpxsku2508_10,1,listPrices,NULL,frsku2508_10,NULL,0,64.0000000,NULL,NULL,NULL
lfrpxsku2508_11,1,listPrices,NULL,frsku2508_11,NULL,0,64.0000000,NULL,NULL,NULL
lfrpxsku2508_12,1,listPrices,NULL,frsku2508_12,NULL,0,64.0000000,NULL,NULL,NULL
lfrpxsku2508_13,1,listPrices,NULL,frsku2508_13,NULL,0,64.0000000,NULL,NULL,NULL
lfrpxsku2508_14,1,listPrices,NULL,frsku2508_14,NULL,0,64.0000000,NULL,NULL,NULL
lfrpxsku2508_15,1,listPrices,NULL,frsku2508_15,NULL,0,64.0000000,NULL,NULL,NULL
lfrpxsku2508_16,1,listPrices,NULL,frsku2508_16,NULL,0,64.0000000,NULL,NULL,NULL
lfrpxsku2508_17,1,listPrices,NULL,frsku2508_17,NULL,0,64.0000000,NULL,NULL,NULL
lfrpxsku2508_18,1,listPrices,NULL,frsku2508_18,NULL,0,64.0000000,NULL,NULL,NULL
lfrpxsku2508_2,1,listPrices,NULL,frsku2508_2,NULL,0,64.0000000,NULL,NULL,NULL
lfrpxsku2508_3,1,listPrices,NULL,frsku2508_3,NULL,0,64.0000000,NULL,NULL,NULL
lfrpxsku2508_4,1,listPrices,NULL,frsku2508_4,NULL,0,64.0000000,NULL,NULL,NULL
lfrpxsku2508_5,1,listPrices,NULL,frsku2508_5,NULL,0,64.0000000,NULL,NULL,NULL
lfrpxsku2508_6,1,listPrices,NULL,frsku2508_6,NULL,0,64.0000000,NULL,NULL,NULL
lfrpxsku2508_7,1,listPrices,NULL,frsku2508_7,NULL,0,64.0000000,NULL,NULL,NULL
lfrpxsku2508_8,1,listPrices,NULL,frsku2508_8,NULL,0,64.0000000,NULL,NULL,NULL
lfrpxsku2508_9,1,listPrices,NULL,frsku2508_9,NULL,0,64.0000000,NULL,NULL,NULL
lfrpxsku2509_1,1,listPrices,NULL,frsku2509_1,NULL,0,79.0000000,NULL,NULL,NULL
lfrpxsku2509_10,1,listPrices,NULL,frsku2509_10,NULL,0,79.0000000,NULL,NULL,NULL
lfrpxsku2509_11,1,listPrices,NULL,frsku2509_11,NULL,0,79.0000000,NULL,NULL,NULL
lfrpxsku2509_12,1,listPrices,NULL,frsku2509_12,NULL,0,79.0000000,NULL,NULL,NULL
lfrpxsku2509_13,1,listPrices,NULL,frsku2509_13,NULL,0,79.0000000,NULL,NULL,NULL
lfrpxsku2509_14,1,listPrices,NULL,frsku2509_14,NULL,0,79.0000000,NULL,NULL,NULL
lfrpxsku2509_15,1,listPrices,NULL,frsku2509_15,NULL,0,79.0000000,NULL,NULL,NULL
lfrpxsku2509_16,1,listPrices,NULL,frsku2509_16,NULL,0,79.0000000,NULL,NULL,NULL
lfrpxsku2509_17,1,listPrices,NULL,frsku2509_17,NULL,0,79.0000000,NULL,NULL,NULL
lfrpxsku2509_18,1,listPrices,NULL,frsku2509_18,NULL,0,79.0000000,NULL,NULL,NULL
lfrpxsku2509_2,1,listPrices,NULL,frsku2509_2,NULL,0,79.0000000,NULL,NULL,NULL
lfrpxsku2509_3,1,listPrices,NULL,frsku2509_3,NULL,0,79.0000000,NULL,NULL,NULL
lfrpxsku2509_4,1,listPrices,NULL,frsku2509_4,NULL,0,79.0000000,NULL,NULL,NULL
lfrpxsku2509_5,1,listPrices,NULL,frsku2509_5,NULL,0,79.0000000,NULL,NULL,NULL
lfrpxsku2509_6,1,listPrices,NULL,frsku2509_6,NULL,0,79.0000000,NULL,NULL,NULL
lfrpxsku2509_7,1,listPrices,NULL,frsku2509_7,NULL,0,79.0000000,NULL,NULL,NULL
lfrpxsku2509_8,1,listPrices,NULL,frsku2509_8,NULL,0,79.0000000,NULL,NULL,NULL
lfrpxsku2509_9,1,listPrices,NULL,frsku2509_9,NULL,0,79.0000000,NULL,NULL,NULL
lfrpxsku2510_1,1,listPrices,NULL,frsku2510_1,NULL,0,39.0000000,NULL,NULL,NULL
lfrpxsku2510_2,1,listPrices,NULL,frsku2510_2,NULL,0,39.0000000,NULL,NULL,NULL
lfrpxsku2510_3,1,listPrices,NULL,frsku2510_3,NULL,0,39.0000000,NULL,NULL,NULL
lfrpxsku2510_4,1,listPrices,NULL,frsku2510_4,NULL,0,39.0000000,NULL,NULL,NULL
lfrpxsku2510_5,1,listPrices,NULL,frsku2510_5,NULL,0,39.0000000,NULL,NULL,NULL
lfrpxsku2510_6,1,listPrices,NULL,frsku2510_6,NULL,0,39.0000000,NULL,NULL,NULL
lfrpxsku2511_1,1,listPrices,NULL,frsku2511_1,NULL,0,49.0000000,NULL,NULL,NULL
lfrpxsku2511_10,1,listPrices,NULL,frsku2511_10,NULL,0,49.0000000,NULL,NULL,NULL
lfrpxsku2511_11,1,listPrices,NULL,frsku2511_11,NULL,0,49.0000000,NULL,NULL,NULL
lfrpxsku2511_12,1,listPrices,NULL,frsku2511_12,NULL,0,49.0000000,NULL,NULL,NULL
lfrpxsku2511_13,1,listPrices,NULL,frsku2511_13,NULL,0,49.0000000,NULL,NULL,NULL
lfrpxsku2511_14,1,listPrices,NULL,frsku2511_14,NULL,0,49.0000000,NULL,NULL,NULL
lfrpxsku2511_15,1,listPrices,NULL,frsku2511_15,NULL,0,49.0000000,NULL,NULL,NULL
lfrpxsku2511_16,1,listPrices,NULL,frsku2511_16,NULL,0,49.0000000,NULL,NULL,NULL
lfrpxsku2511_17,1,listPrices,NULL,frsku2511_17,NULL,0,49.0000000,NULL,NULL,NULL
lfrpxsku2511_18,1,listPrices,NULL,frsku2511_18,NULL,0,49.0000000,NULL,NULL,NULL
lfrpxsku2511_2,1,listPrices,NULL,frsku2511_2,NULL,0,49.0000000,NULL,NULL,NULL
lfrpxsku2511_3,1,listPrices,NULL,frsku2511_3,NULL,0,49.0000000,NULL,NULL,NULL
lfrpxsku2511_4,1,listPrices,NULL,frsku2511_4,NULL,0,49.0000000,NULL,NULL,NULL
lfrpxsku2511_5,1,listPrices,NULL,frsku2511_5,NULL,0,49.0000000,NULL,NULL,NULL
lfrpxsku2511_6,1,listPrices,NULL,frsku2511_6,NULL,0,49.0000000,NULL,NULL,NULL
lfrpxsku2511_7,1,listPrices,NULL,frsku2511_7,NULL,0,49.0000000,NULL,NULL,NULL
lfrpxsku2511_8,1,listPrices,NULL,frsku2511_8,NULL,0,49.0000000,NULL,NULL,NULL
lfrpxsku2511_9,1,listPrices,NULL,frsku2511_9,NULL,0,49.0000000,NULL,NULL,NULL
lfrpxsku2512_1,1,listPrices,NULL,frsku2512_1,NULL,0,56.0000000,NULL,NULL,NULL
lfrpxsku2512_10,1,listPrices,NULL,frsku2512_10,NULL,0,56.0000000,NULL,NULL,NULL
lfrpxsku2512_11,1,listPrices,NULL,frsku2512_11,NULL,0,56.0000000,NULL,NULL,NULL
lfrpxsku2512_12,1,listPrices,NULL,frsku2512_12,NULL,0,56.0000000,NULL,NULL,NULL
lfrpxsku2512_13,1,listPrices,NULL,frsku2512_13,NULL,0,56.0000000,NULL,NULL,NULL
lfrpxsku2512_14,1,listPrices,NULL,frsku2512_14,NULL,0,56.0000000,NULL,NULL,NULL
lfrpxsku2512_15,1,listPrices,NULL,frsku2512_15,NULL,0,56.0000000,NULL,NULL,NULL
lfrpxsku2512_16,1,listPrices,NULL,frsku2512_16,NULL,0,56.0000000,NULL,NULL,NULL
lfrpxsku2512_17,1,listPrices,NULL,frsku2512_17,NULL,0,56.0000000,NULL,NULL,NULL
lfrpxsku2512_18,1,listPrices,NULL,frsku2512_18,NULL,0,56.0000000,NULL,NULL,NULL
lfrpxsku2512_2,1,listPrices,NULL,frsku2512_2,NULL,0,56.0000000,NULL,NULL,NULL
lfrpxsku2512_3,1,listPrices,NULL,frsku2512_3,NULL,0,56.0000000,NULL,NULL,NULL
lfrpxsku2512_4,1,listPrices,NULL,frsku2512_4,NULL,0,56.0000000,NULL,NULL,NULL
lfrpxsku2512_5,1,listPrices,NULL,frsku2512_5,NULL,0,56.0000000,NULL,NULL,NULL
lfrpxsku2512_6,1,listPrices,NULL,frsku2512_6,NULL,0,56.0000000,NULL,NULL,NULL
lfrpxsku2512_7,1,listPrices,NULL,frsku2512_7,NULL,0,56.0000000,NULL,NULL,NULL
lfrpxsku2512_8,1,listPrices,NULL,frsku2512_8,NULL,0,56.0000000,NULL,NULL,NULL
lfrpxsku2512_9,1,listPrices,NULL,frsku2512_9,NULL,0,56.0000000,NULL,NULL,NULL
lfrpxsku2513_1,1,listPrices,NULL,frsku2513_1,NULL,0,39.0000000,NULL,NULL,NULL
lfrpxsku2513_10,1,listPrices,NULL,frsku2513_10,NULL,0,39.0000000,NULL,NULL,NULL
lfrpxsku2513_11,1,listPrices,NULL,frsku2513_11,NULL,0,39.0000000,NULL,NULL,NULL
lfrpxsku2513_12,1,listPrices,NULL,frsku2513_12,NULL,0,39.0000000,NULL,NULL,NULL
lfrpxsku2513_13,1,listPrices,NULL,frsku2513_13,NULL,0,39.0000000,NULL,NULL,NULL
lfrpxsku2513_14,1,listPrices,NULL,frsku2513_14,NULL,0,39.0000000,NULL,NULL,NULL
lfrpxsku2513_15,1,listPrices,NULL,frsku2513_15,NULL,0,39.0000000,NULL,NULL,NULL
lfrpxsku2513_16,1,listPrices,NULL,frsku2513_16,NULL,0,39.0000000,NULL,NULL,NULL
lfrpxsku2513_17,1,listPrices,NULL,frsku2513_17,NULL,0,39.0000000,NULL,NULL,NULL
lfrpxsku2513_18,1,listPrices,NULL,frsku2513_18,NULL,0,39.0000000,NULL,NULL,NULL
lfrpxsku2513_2,1,listPrices,NULL,frsku2513_2,NULL,0,39.0000000,NULL,NULL,NULL
lfrpxsku2513_3,1,listPrices,NULL,frsku2513_3,NULL,0,39.0000000,NULL,NULL,NULL
lfrpxsku2513_4,1,listPrices,NULL,frsku2513_4,NULL,0,39.0000000,NULL,NULL,NULL
lfrpxsku2513_5,1,listPrices,NULL,frsku2513_5,NULL,0,39.0000000,NULL,NULL,NULL
lfrpxsku2513_6,1,listPrices,NULL,frsku2513_6,NULL,0,39.0000000,NULL,NULL,NULL
lfrpxsku2513_7,1,listPrices,NULL,frsku2513_7,NULL,0,39.0000000,NULL,NULL,NULL
lfrpxsku2513_8,1,listPrices,NULL,frsku2513_8,NULL,0,39.0000000,NULL,NULL,NULL
lfrpxsku2513_9,1,listPrices,NULL,frsku2513_9,NULL,0,39.0000000,NULL,NULL,NULL
lfrpxsku2514_1,1,listPrices,NULL,frsku2514_1,NULL,0,44.0000000,NULL,NULL,NULL
lfrpxsku2514_10,1,listPrices,NULL,frsku2514_10,NULL,0,44.0000000,NULL,NULL,NULL
lfrpxsku2514_11,1,listPrices,NULL,frsku2514_11,NULL,0,44.0000000,NULL,NULL,NULL
lfrpxsku2514_12,1,listPrices,NULL,frsku2514_12,NULL,0,44.0000000,NULL,NULL,NULL
lfrpxsku2514_13,1,listPrices,NULL,frsku2514_13,NULL,0,44.0000000,NULL,NULL,NULL
lfrpxsku2514_14,1,listPrices,NULL,frsku2514_14,NULL,0,44.0000000,NULL,NULL,NULL
lfrpxsku2514_15,1,listPrices,NULL,frsku2514_15,NULL,0,44.0000000,NULL,NULL,NULL
lfrpxsku2514_16,1,listPrices,NULL,frsku2514_16,NULL,0,44.0000000,NULL,NULL,NULL
lfrpxsku2514_17,1,listPrices,NULL,frsku2514_17,NULL,0,44.0000000,NULL,NULL,NULL
lfrpxsku2514_18,1,listPrices,NULL,frsku2514_18,NULL,0,44.0000000,NULL,NULL,NULL
lfrpxsku2514_2,1,listPrices,NULL,frsku2514_2,NULL,0,44.0000000,NULL,NULL,NULL
lfrpxsku2514_3,1,listPrices,NULL,frsku2514_3,NULL,0,44.0000000,NULL,NULL,NULL
lfrpxsku2514_4,1,listPrices,NULL,frsku2514_4,NULL,0,44.0000000,NULL,NULL,NULL
lfrpxsku2514_5,1,listPrices,NULL,frsku2514_5,NULL,0,44.0000000,NULL,NULL,NULL
lfrpxsku2514_6,1,listPrices,NULL,frsku2514_6,NULL,0,44.0000000,NULL,NULL,NULL
lfrpxsku2514_7,1,listPrices,NULL,frsku2514_7,NULL,0,44.0000000,NULL,NULL,NULL
lfrpxsku2514_8,1,listPrices,NULL,frsku2514_8,NULL,0,44.0000000,NULL,NULL,NULL
lfrpxsku2514_9,1,listPrices,NULL,frsku2514_9,NULL,0,44.0000000,NULL,NULL,NULL
lfrpxsku2515_1,1,listPrices,NULL,frsku2515_1,NULL,0,44.0000000,NULL,NULL,NULL
lfrpxsku2515_2,1,listPrices,NULL,frsku2515_2,NULL,0,44.0000000,NULL,NULL,NULL
lfrpxsku2515_4,1,listPrices,NULL,frsku2515_4,NULL,0,44.0000000,NULL,NULL,NULL
lfrpxsku2515_5,1,listPrices,NULL,frsku2515_5,NULL,0,44.0000000,NULL,NULL,NULL
lfrpxsku2515_6,1,listPrices,NULL,frsku2515_6,NULL,0,44.0000000,NULL,NULL,NULL
lfrpxsku2516_1,1,listPrices,NULL,frsku2516_1,NULL,0,72.0000000,NULL,NULL,NULL
lfrpxsku2516_2,1,listPrices,NULL,frsku2516_2,NULL,0,72.0000000,NULL,NULL,NULL
lfrpxsku2516_3,1,listPrices,NULL,frsku2516_3,NULL,0,72.0000000,NULL,NULL,NULL
lfrpxsku2516_4,1,listPrices,NULL,frsku2516_4,NULL,0,72.0000000,NULL,NULL,NULL
lfrpxsku2516_5,1,listPrices,NULL,frsku2516_5,NULL,0,72.0000000,NULL,NULL,NULL
lfrpxsku2516_6,1,listPrices,NULL,frsku2516_6,NULL,0,72.0000000,NULL,NULL,NULL
lfrpxsku2517_1,1,listPrices,NULL,frsku2517_1,NULL,0,36.0000000,NULL,NULL,NULL
lfrpxsku2517_2,1,listPrices,NULL,frsku2517_2,NULL,0,36.0000000,NULL,NULL,NULL
lfrpxsku2517_3,1,listPrices,NULL,frsku2517_3,NULL,0,36.0000000,NULL,NULL,NULL
lfrpxsku2517_5,1,listPrices,NULL,frsku2517_5,NULL,0,36.0000000,NULL,NULL,NULL
lfrpxsku2517_6,1,listPrices,NULL,frsku2517_6,NULL,0,36.0000000,NULL,NULL,NULL
lfrpxsku2518_1,1,listPrices,NULL,frsku2518_1,NULL,0,39.0000000,NULL,NULL,NULL
lfrpxsku2518_2,1,listPrices,NULL,frsku2518_2,NULL,0,39.0000000,NULL,NULL,NULL
lfrpxsku2518_3,1,listPrices,NULL,frsku2518_3,NULL,0,39.0000000,NULL,NULL,NULL
lfrpxsku2518_4,1,listPrices,NULL,frsku2518_4,NULL,0,39.0000000,NULL,NULL,NULL
lfrpxsku2518_5,1,listPrices,NULL,frsku2518_5,NULL,0,39.0000000,NULL,NULL,NULL
lfrpxsku2518_6,1,listPrices,NULL,frsku2518_6,NULL,0,39.0000000,NULL,NULL,NULL
lfrpxsku2519_1,1,listPrices,NULL,frsku2519_1,NULL,0,64.0000000,NULL,NULL,NULL
lfrpxsku2519_2,1,listPrices,NULL,frsku2519_2,NULL,0,64.0000000,NULL,NULL,NULL
lfrpxsku2519_3,1,listPrices,NULL,frsku2519_3,NULL,0,64.0000000,NULL,NULL,NULL
lfrpxsku2519_4,1,listPrices,NULL,frsku2519_4,NULL,0,64.0000000,NULL,NULL,NULL
lfrpxsku2519_5,1,listPrices,NULL,frsku2519_5,NULL,0,64.0000000,NULL,NULL,NULL
lfrpxsku2519_6,1,listPrices,NULL,frsku2519_6,NULL,0,64.0000000,NULL,NULL,NULL
lfrpxsku2520_1,1,listPrices,NULL,frsku2520_1,NULL,0,38.0000000,NULL,NULL,NULL
lfrpxsku2520_2,1,listPrices,NULL,frsku2520_2,NULL,0,38.0000000,NULL,NULL,NULL
lfrpxsku2520_3,1,listPrices,NULL,frsku2520_3,NULL,0,38.0000000,NULL,NULL,NULL
lfrpxsku2520_4,1,listPrices,NULL,frsku2520_4,NULL,0,38.0000000,NULL,NULL,NULL
lfrpxsku2520_5,1,listPrices,NULL,frsku2520_5,NULL,0,38.0000000,NULL,NULL,NULL
lfrpxsku2520_6,1,listPrices,NULL,frsku2520_6,NULL,0,38.0000000,NULL,NULL,NULL
lpsku10001,1,listPrices,NULL,sku10001,NULL,0,1999.0000000,NULL,NULL,NULL
lpsku10002,1,listPrices,NULL,sku10002,NULL,0,1499.0000000,NULL,NULL,NULL
lpsku30003,1,listPrices,NULL,sku30003,NULL,0,49.0000000,NULL,NULL,NULL
lpsku30005,1,listPrices,NULL,sku30005,NULL,0,49.0000000,NULL,NULL,NULL
lpsku30007,1,listPrices,NULL,sku30007,NULL,0,49.0000000,NULL,NULL,NULL
lpsku30009,1,listPrices,NULL,sku30009,NULL,0,49.0000000,NULL,NULL,NULL
lpsku30019,1,listPrices,NULL,sku30019,NULL,0,47.5000000,NULL,NULL,NULL
lpsku30021,1,listPrices,NULL,sku30021,NULL,0,47.5000000,NULL,NULL,NULL
lpsku30023,1,listPrices,NULL,sku30023,NULL,0,47.5000000,NULL,NULL,NULL
lpsku30025,1,listPrices,NULL,sku30025,NULL,0,47.5000000,NULL,NULL,NULL
lpsku30027,1,listPrices,NULL,sku30027,NULL,0,29.5000000,NULL,NULL,NULL
lpsku30029,1,listPrices,NULL,sku30029,NULL,0,29.5000000,NULL,NULL,NULL
lpsku30031,1,listPrices,NULL,sku30031,NULL,0,29.5000000,NULL,NULL,NULL
lpsku30033,1,listPrices,NULL,sku30033,NULL,0,29.5000000,NULL,NULL,NULL
lpsku30035,1,listPrices,NULL,sku30035,NULL,0,29.5000000,NULL,NULL,NULL
lpsku30037,1,listPrices,NULL,sku30037,NULL,0,29.5000000,NULL,NULL,NULL
lpsku30039,1,listPrices,NULL,sku30039,NULL,0,29.5000000,NULL,NULL,NULL
lpsku30041,1,listPrices,NULL,sku30041,NULL,0,29.5000000,NULL,NULL,NULL
lpsku30043,1,listPrices,NULL,sku30043,NULL,0,29.5000000,NULL,NULL,NULL
lpsku30045,1,listPrices,NULL,sku30045,NULL,0,29.5000000,NULL,NULL,NULL
lpsku30047,1,listPrices,NULL,sku30047,NULL,0,29.5000000,NULL,NULL,NULL
lpsku30049,1,listPrices,NULL,sku30049,NULL,0,29.5000000,NULL,NULL,NULL
lpsku30051,1,listPrices,NULL,sku30051,NULL,0,42.9900000,NULL,NULL,NULL
lpsku30053,1,listPrices,NULL,sku30053,NULL,0,42.9900000,NULL,NULL,NULL
lpsku30055,1,listPrices,NULL,sku30055,NULL,0,42.9900000,NULL,NULL,NULL
lpsku30057,1,listPrices,NULL,sku30057,NULL,0,42.9900000,NULL,NULL,NULL
lpsku30059,1,listPrices,NULL,sku30059,NULL,0,32.5000000,NULL,NULL,NULL
lpsku30061,1,listPrices,NULL,sku30061,NULL,0,32.5000000,NULL,NULL,NULL
lpsku30063,1,listPrices,NULL,sku30063,NULL,0,32.5000000,NULL,NULL,NULL
lpsku30065,1,listPrices,NULL,sku30065,NULL,0,32.5000000,NULL,NULL,NULL
lpsku30067,1,listPrices,NULL,sku30067,NULL,0,32.5000000,NULL,NULL,NULL
lpsku30069,1,listPrices,NULL,sku30069,NULL,0,32.5000000,NULL,NULL,NULL
lpsku30071,1,listPrices,NULL,sku30071,NULL,0,32.5000000,NULL,NULL,NULL
lpsku30073,1,listPrices,NULL,sku30073,NULL,0,32.5000000,NULL,NULL,NULL
lpsku30075,1,listPrices,NULL,sku30075,NULL,0,32.5000000,NULL,NULL,NULL
lpsku30077,1,listPrices,NULL,sku30077,NULL,0,32.5000000,NULL,NULL,NULL
lpsku30079,1,listPrices,NULL,sku30079,NULL,0,32.5000000,NULL,NULL,NULL
lpsku30081,1,listPrices,NULL,sku30081,NULL,0,19.9900000,NULL,NULL,NULL
lpsku30083,1,listPrices,NULL,sku30083,NULL,0,19.9900000,NULL,NULL,NULL
lpsku30085,1,listPrices,NULL,sku30085,NULL,0,19.9900000,NULL,NULL,NULL
lpsku30087,1,listPrices,NULL,sku30087,NULL,0,19.9900000,NULL,NULL,NULL
lpsku30089,1,listPrices,NULL,sku30089,NULL,0,19.9900000,NULL,NULL,NULL
lpsku30091,1,listPrices,NULL,sku30091,NULL,0,19.9900000,NULL,NULL,NULL
lpsku30093,1,listPrices,NULL,sku30093,NULL,0,19.9900000,NULL,NULL,NULL
lpsku30095,1,listPrices,NULL,sku30095,NULL,0,19.9900000,NULL,NULL,NULL
lpsku30097,1,listPrices,NULL,sku30097,NULL,0,19.9900000,NULL,NULL,NULL
lpsku30099,1,listPrices,NULL,sku30099,NULL,0,19.9900000,NULL,NULL,NULL
lpsku30101,1,listPrices,NULL,sku30101,NULL,0,19.9900000,NULL,NULL,NULL
lpsku30103,1,listPrices,NULL,sku30103,NULL,0,19.9900000,NULL,NULL,NULL
lpsku40003,1,listPrices,NULL,sku40003,NULL,0,32.5000000,NULL,NULL,NULL
lpsku40005,1,listPrices,NULL,sku40005,NULL,0,89.0000000,NULL,NULL,NULL
lpsku40007,1,listPrices,NULL,sku40007,NULL,0,89.0000000,NULL,NULL,NULL
lpsku40009,1,listPrices,NULL,sku40009,NULL,0,89.0000000,NULL,NULL,NULL
lpsku40011,1,listPrices,NULL,sku40011,NULL,0,89.0000000,NULL,NULL,NULL
lpsku40013,1,listPrices,NULL,sku40013,NULL,0,67.5000000,NULL,NULL,NULL
lpsku40015,1,listPrices,NULL,sku40015,NULL,0,67.5000000,NULL,NULL,NULL
lpsku40017,1,listPrices,NULL,sku40017,NULL,0,67.5000000,NULL,NULL,NULL
lpsku40019,1,listPrices,NULL,sku40019,NULL,0,67.5000000,NULL,NULL,NULL
lpsku40021,1,listPrices,NULL,sku40021,NULL,0,67.5000000,NULL,NULL,NULL
lpsku40023,1,listPrices,NULL,sku40023,NULL,0,67.5000000,NULL,NULL,NULL
lpsku40025,1,listPrices,NULL,sku40025,NULL,0,67.5000000,NULL,NULL,NULL
lpsku40027,1,listPrices,NULL,sku40027,NULL,0,67.5000000,NULL,NULL,NULL
lpsku40029,1,listPrices,NULL,sku40029,NULL,0,67.5000000,NULL,NULL,NULL
lpsku40031,1,listPrices,NULL,sku40031,NULL,0,67.5000000,NULL,NULL,NULL
lpsku40033,1,listPrices,NULL,sku40033,NULL,0,67.5000000,NULL,NULL,NULL
lpsku40035,1,listPrices,NULL,sku40035,NULL,0,67.5000000,NULL,NULL,NULL
lpsku40037,1,listPrices,NULL,sku40037,NULL,0,67.0000000,NULL,NULL,NULL
lpsku40039,1,listPrices,NULL,sku40039,NULL,0,67.0000000,NULL,NULL,NULL
lpsku40041,1,listPrices,NULL,sku40041,NULL,0,67.0000000,NULL,NULL,NULL
lpsku40043,1,listPrices,NULL,sku40043,NULL,0,67.0000000,NULL,NULL,NULL
lpsku40045,1,listPrices,NULL,sku40045,NULL,0,67.0000000,NULL,NULL,NULL
lpsku40047,1,listPrices,NULL,sku40047,NULL,0,67.0000000,NULL,NULL,NULL
lpsku40049,1,listPrices,NULL,sku40049,NULL,0,67.0000000,NULL,NULL,NULL
lpsku40051,1,listPrices,NULL,sku40051,NULL,0,67.0000000,NULL,NULL,NULL
lpsku40053,1,listPrices,NULL,sku40053,NULL,0,95.0000000,NULL,NULL,NULL
lpsku40055,1,listPrices,NULL,sku40055,NULL,0,95.0000000,NULL,NULL,NULL
lpsku40057,1,listPrices,NULL,sku40057,NULL,0,95.0000000,NULL,NULL,NULL
lpsku40059,1,listPrices,NULL,sku40059,NULL,0,95.0000000,NULL,NULL,NULL
lpsku40061,1,listPrices,NULL,sku40061,NULL,0,65.0000000,NULL,NULL,NULL
lpsku40063,1,listPrices,NULL,sku40063,NULL,0,65.0000000,NULL,NULL,NULL
lpsku40065,1,listPrices,NULL,sku40065,NULL,0,65.0000000,NULL,NULL,NULL
lpsku40067,1,listPrices,NULL,sku40067,NULL,0,65.0000000,NULL,NULL,NULL
lpsku40069,1,listPrices,NULL,sku40069,NULL,0,65.0000000,NULL,NULL,NULL
lpsku40071,1,listPrices,NULL,sku40071,NULL,0,65.0000000,NULL,NULL,NULL
lpsku40073,1,listPrices,NULL,sku40073,NULL,0,65.0000000,NULL,NULL,NULL
lpsku40075,1,listPrices,NULL,sku40075,NULL,0,65.0000000,NULL,NULL,NULL
lpsku40085,1,listPrices,NULL,sku40085,NULL,0,52.0000000,NULL,NULL,NULL
lpsku40087,1,listPrices,NULL,sku40087,NULL,0,52.0000000,NULL,NULL,NULL
lpsku40101,1,listPrices,NULL,sku40101,NULL,0,52.0000000,NULL,NULL,NULL
lpsku40103,1,listPrices,NULL,sku40103,NULL,0,52.0000000,NULL,NULL,NULL
lpsku40105,1,listPrices,NULL,sku40105,NULL,0,89.0000000,NULL,NULL,NULL
lpsku40109,1,listPrices,NULL,sku40109,NULL,0,75.0000000,NULL,NULL,NULL
lpsku40111,1,listPrices,NULL,sku40111,NULL,0,42.9900000,NULL,NULL,NULL
lpsku40113,1,listPrices,NULL,sku40113,NULL,0,42.9900000,NULL,NULL,NULL
lpsku40115,1,listPrices,NULL,sku40115,NULL,0,42.9900000,NULL,NULL,NULL
lpsku40117,1,listPrices,NULL,sku40117,NULL,0,39.9900000,NULL,NULL,NULL
lpsku40119,1,listPrices,NULL,sku40119,NULL,0,39.9900000,NULL,NULL,NULL
lpsku40121,1,listPrices,NULL,sku40121,NULL,0,39.9900000,NULL,NULL,NULL
lpsku40124,1,listPrices,NULL,sku40124,NULL,0,29.5000000,NULL,NULL,NULL
lpsku40127,1,listPrices,NULL,sku40127,NULL,0,29.5000000,NULL,NULL,NULL
lpsku40129,1,listPrices,NULL,sku40129,NULL,0,29.5000000,NULL,NULL,NULL
lpsku40131,1,listPrices,NULL,sku40131,NULL,0,29.5000000,NULL,NULL,NULL
lpsku40133,1,listPrices,NULL,sku40133,NULL,0,29.5000000,NULL,NULL,NULL
lpsku40135,1,listPrices,NULL,sku40135,NULL,0,145.5000000,NULL,NULL,NULL
lpsku40137,1,listPrices,NULL,sku40137,NULL,0,145.5000000,NULL,NULL,NULL
lpsku40139,1,listPrices,NULL,sku40139,NULL,0,145.5000000,NULL,NULL,NULL
lpsku40141,1,listPrices,NULL,sku40141,NULL,0,129.0000000,NULL,NULL,NULL
lpsku40143,1,listPrices,NULL,sku40143,NULL,0,129.0000000,NULL,NULL,NULL
lpsku40145,1,listPrices,NULL,sku40145,NULL,0,129.0000000,NULL,NULL,NULL
lpsku40147,1,listPrices,NULL,sku40147,NULL,0,46.0000000,NULL,NULL,NULL
lpsku40149,1,listPrices,NULL,sku40149,NULL,0,349.9900000,NULL,NULL,NULL
lpsku40151,1,listPrices,NULL,sku40151,NULL,0,349.9900000,NULL,NULL,NULL
lpsku40153,1,listPrices,NULL,sku40153,NULL,0,349.9900000,NULL,NULL,NULL
lpsku40155,1,listPrices,NULL,sku40155,NULL,0,46.0000000,NULL,NULL,NULL
lpsku40156,1,listPrices,NULL,sku40156,NULL,0,46.0000000,NULL,NULL,NULL
lpsku40159,1,listPrices,NULL,sku40159,NULL,0,46.0000000,NULL,NULL,NULL
lpsku40160,1,listPrices,NULL,sku40160,NULL,0,46.0000000,NULL,NULL,NULL
lpsku40163,1,listPrices,NULL,sku40163,NULL,0,46.0000000,NULL,NULL,NULL
lpsku40176,1,listPrices,NULL,sku40176,NULL,0,46.0000000,NULL,NULL,NULL
lpsku40178,1,listPrices,NULL,sku40178,NULL,0,46.0000000,NULL,NULL,NULL
lpsku40180,1,listPrices,NULL,sku40180,NULL,0,46.0000000,NULL,NULL,NULL
lpsku40182,1,listPrices,NULL,sku40182,NULL,0,46.0000000,NULL,NULL,NULL
lpsku40184,1,listPrices,NULL,sku40184,NULL,0,46.0000000,NULL,NULL,NULL
lpsku40186,1,listPrices,NULL,sku40186,NULL,0,46.0000000,NULL,NULL,NULL
lpsku40188,1,listPrices,NULL,sku40188,NULL,0,43.9900000,NULL,NULL,NULL
lpsku40192,1,listPrices,NULL,sku40192,NULL,0,43.9900000,NULL,NULL,NULL
lpsku40193,1,listPrices,NULL,sku40193,NULL,0,43.9900000,NULL,NULL,NULL
lpsku40194,1,listPrices,NULL,sku40194,NULL,0,43.9900000,NULL,NULL,NULL
lpsku40195,1,listPrices,NULL,sku40195,NULL,0,43.9900000,NULL,NULL,NULL
lpsku40196,1,listPrices,NULL,sku40196,NULL,0,43.9900000,NULL,NULL,NULL
lpsku40197,1,listPrices,NULL,sku40197,NULL,0,43.9900000,NULL,NULL,NULL
lpsku40198,1,listPrices,NULL,sku40198,NULL,0,43.9900000,NULL,NULL,NULL
lpsku40199,1,listPrices,NULL,sku40199,NULL,0,43.9900000,NULL,NULL,NULL
lpsku40200,1,listPrices,NULL,sku40200,NULL,0,43.9900000,NULL,NULL,NULL
lpsku40201,1,listPrices,NULL,sku40201,NULL,0,43.9900000,NULL,NULL,NULL
lpsku40202,1,listPrices,NULL,sku40202,NULL,0,43.9900000,NULL,NULL,NULL
lpsku40204,1,listPrices,NULL,sku40204,NULL,0,48.9900000,NULL,NULL,NULL
lpsku40205,1,listPrices,NULL,sku40205,NULL,0,48.9900000,NULL,NULL,NULL
lpsku40206,1,listPrices,NULL,sku40206,NULL,0,48.9900000,NULL,NULL,NULL
lpsku40207,1,listPrices,NULL,sku40207,NULL,0,48.9900000,NULL,NULL,NULL
lpsku40208,1,listPrices,NULL,sku40208,NULL,0,48.9900000,NULL,NULL,NULL
lpsku40209,1,listPrices,NULL,sku40209,NULL,0,48.9900000,NULL,NULL,NULL
lpsku40210,1,listPrices,NULL,sku40210,NULL,0,48.9900000,NULL,NULL,NULL
lpsku40211,1,listPrices,NULL,sku40211,NULL,0,48.9900000,NULL,NULL,NULL
lpsku40212,1,listPrices,NULL,sku40212,NULL,0,48.9900000,NULL,NULL,NULL
lpsku40213,1,listPrices,NULL,sku40213,NULL,0,48.9900000,NULL,NULL,NULL
lpsku40214,1,listPrices,NULL,sku40214,NULL,0,48.9900000,NULL,NULL,NULL
lpsku40215,1,listPrices,NULL,sku40215,NULL,0,48.9900000,NULL,NULL,NULL
lpsku40216,1,listPrices,NULL,sku40216,NULL,0,45.5000000,NULL,NULL,NULL
lpsku40217,1,listPrices,NULL,sku40217,NULL,0,45.5000000,NULL,NULL,NULL
lpsku40218,1,listPrices,NULL,sku40218,NULL,0,45.5000000,NULL,NULL,NULL
lpsku40219,1,listPrices,NULL,sku40219,NULL,0,45.5000000,NULL,NULL,NULL
lpsku40220,1,listPrices,NULL,sku40220,NULL,0,45.5000000,NULL,NULL,NULL
lpsku40221,1,listPrices,NULL,sku40221,NULL,0,45.5000000,NULL,NULL,NULL
lpsku40222,1,listPrices,NULL,sku40222,NULL,0,45.5000000,NULL,NULL,NULL
lpsku40223,1,listPrices,NULL,sku40223,NULL,0,45.5000000,NULL,NULL,NULL
lpsku40224,1,listPrices,NULL,sku40224,NULL,0,45.5000000,NULL,NULL,NULL
lpsku40225,1,listPrices,NULL,sku40225,NULL,0,45.5000000,NULL,NULL,NULL
lpsku40226,1,listPrices,NULL,sku40226,NULL,0,45.5000000,NULL,NULL,NULL
lpsku40227,1,listPrices,NULL,sku40227,NULL,0,45.5000000,NULL,NULL,NULL
lpsku40228,1,listPrices,NULL,sku40228,NULL,0,137.0000000,NULL,NULL,NULL
lpsku40242,1,listPrices,NULL,sku40242,NULL,0,48.9900000,NULL,NULL,NULL
lpsku40243,1,listPrices,NULL,sku40243,NULL,0,48.9900000,NULL,NULL,NULL
lpsku40244,1,listPrices,NULL,sku40244,NULL,0,48.9900000,NULL,NULL,NULL
lpsku40245,1,listPrices,NULL,sku40245,NULL,0,48.9900000,NULL,NULL,NULL
lpsku40246,1,listPrices,NULL,sku40246,NULL,0,48.9900000,NULL,NULL,NULL
lpsku40247,1,listPrices,NULL,sku40247,NULL,0,48.9900000,NULL,NULL,NULL
lpsku40248,1,listPrices,NULL,sku40248,NULL,0,48.9900000,NULL,NULL,NULL
lpsku40249,1,listPrices,NULL,sku40249,NULL,0,48.9900000,NULL,NULL,NULL
lpsku40250,1,listPrices,NULL,sku40250,NULL,0,48.9900000,NULL,NULL,NULL
lpsku40251,1,listPrices,NULL,sku40251,NULL,0,48.9900000,NULL,NULL,NULL
lpsku40252,1,listPrices,NULL,sku40252,NULL,0,48.9900000,NULL,NULL,NULL
lpsku40253,1,listPrices,NULL,sku40253,NULL,0,48.9900000,NULL,NULL,NULL
lpsku40266,1,listPrices,NULL,sku40266,NULL,0,46.0000000,NULL,NULL,NULL
lpsku40267,1,listPrices,NULL,sku40267,NULL,0,46.0000000,NULL,NULL,NULL
lpsku40268,1,listPrices,NULL,sku40268,NULL,0,46.0000000,NULL,NULL,NULL
lpsku40269,1,listPrices,NULL,sku40269,NULL,0,46.0000000,NULL,NULL,NULL
lpsku40270,1,listPrices,NULL,sku40270,NULL,0,46.0000000,NULL,NULL,NULL
lpsku40271,1,listPrices,NULL,sku40271,NULL,0,46.0000000,NULL,NULL,NULL
lpsku40272,1,listPrices,NULL,sku40272,NULL,0,46.0000000,NULL,NULL,NULL
lpsku40273,1,listPrices,NULL,sku40273,NULL,0,46.0000000,NULL,NULL,NULL
lpsku40274,1,listPrices,NULL,sku40274,NULL,0,46.0000000,NULL,NULL,NULL
lpsku40275,1,listPrices,NULL,sku40275,NULL,0,46.0000000,NULL,NULL,NULL
lpsku40276,1,listPrices,NULL,sku40276,NULL,0,46.0000000,NULL,NULL,NULL
lpsku40277,1,listPrices,NULL,sku40277,NULL,0,46.0000000,NULL,NULL,NULL
lpsku40278,1,listPrices,NULL,sku40278,NULL,0,43.9900000,NULL,NULL,NULL
lpsku40279,1,listPrices,NULL,sku40279,NULL,0,43.9900000,NULL,NULL,NULL
lpsku40280,1,listPrices,NULL,sku40280,NULL,0,43.9900000,NULL,NULL,NULL
lpsku40281,1,listPrices,NULL,sku40281,NULL,0,43.9900000,NULL,NULL,NULL
lpsku40282,1,listPrices,NULL,sku40282,NULL,0,43.9900000,NULL,NULL,NULL
lpsku40283,1,listPrices,NULL,sku40283,NULL,0,43.9900000,NULL,NULL,NULL
lpsku40284,1,listPrices,NULL,sku40284,NULL,0,43.9900000,NULL,NULL,NULL
lpsku40285,1,listPrices,NULL,sku40285,NULL,0,43.9900000,NULL,NULL,NULL
lpsku40286,1,listPrices,NULL,sku40286,NULL,0,43.9900000,NULL,NULL,NULL
lpsku40287,1,listPrices,NULL,sku40287,NULL,0,43.9900000,NULL,NULL,NULL
lpsku40288,1,listPrices,NULL,sku40288,NULL,0,43.9900000,NULL,NULL,NULL
lpsku40289,1,listPrices,NULL,sku40289,NULL,0,43.9900000,NULL,NULL,NULL
lpsku40290,1,listPrices,NULL,sku40290,NULL,0,45.5000000,NULL,NULL,NULL
lpsku40291,1,listPrices,NULL,sku40291,NULL,0,45.5000000,NULL,NULL,NULL
lpsku40292,1,listPrices,NULL,sku40292,NULL,0,45.5000000,NULL,NULL,NULL
lpsku40293,1,listPrices,NULL,sku40293,NULL,0,45.5000000,NULL,NULL,NULL
lpsku40294,1,listPrices,NULL,sku40294,NULL,0,45.5000000,NULL,NULL,NULL
lpsku40295,1,listPrices,NULL,sku40295,NULL,0,45.5000000,NULL,NULL,NULL
lpsku40296,1,listPrices,NULL,sku40296,NULL,0,45.5000000,NULL,NULL,NULL
lpsku40297,1,listPrices,NULL,sku40297,NULL,0,45.5000000,NULL,NULL,NULL
lpsku40298,1,listPrices,NULL,sku40298,NULL,0,45.5000000,NULL,NULL,NULL
lpsku40299,1,listPrices,NULL,sku40299,NULL,0,45.5000000,NULL,NULL,NULL
lpsku40300,1,listPrices,NULL,sku40300,NULL,0,45.5000000,NULL,NULL,NULL
lpsku40301,1,listPrices,NULL,sku40301,NULL,0,45.5000000,NULL,NULL,NULL
lpxsku1001,1,listPrices,NULL,xsku1001,NULL,0,38.5000000,NULL,NULL,NULL
lpxsku1002,1,listPrices,NULL,xsku1002,NULL,0,38.5000000,NULL,NULL,NULL
lpxsku1003,1,listPrices,NULL,xsku1003,NULL,0,38.5000000,NULL,NULL,NULL
lpxsku1004,1,listPrices,NULL,xsku1004,NULL,0,38.5000000,NULL,NULL,NULL
lpxsku1005,1,listPrices,NULL,xsku1005,NULL,0,38.5000000,NULL,NULL,NULL
lpxsku1006,1,listPrices,NULL,xsku1006,NULL,0,38.5000000,NULL,NULL,NULL
lpxsku1007,1,listPrices,NULL,xsku1007,NULL,0,24.0000000,NULL,NULL,NULL
lpxsku1008,1,listPrices,NULL,xsku1008,NULL,0,24.0000000,NULL,NULL,NULL
lpxsku1009,1,listPrices,NULL,xsku1009,NULL,0,24.0000000,NULL,NULL,NULL
lpxsku1010,1,listPrices,NULL,xsku1010,NULL,0,24.0000000,NULL,NULL,NULL
lpxsku1011,1,listPrices,NULL,xsku1011,NULL,0,24.0000000,NULL,NULL,NULL
lpxsku1012,1,listPrices,NULL,xsku1012,NULL,0,24.0000000,NULL,NULL,NULL
lpxsku1013,1,listPrices,NULL,xsku1013,NULL,0,36.0000000,NULL,NULL,NULL
lpxsku1015,1,listPrices,NULL,xsku1015,NULL,0,45.0000000,NULL,NULL,NULL
lpxsku1016,1,listPrices,NULL,xsku1016,NULL,0,45.0000000,NULL,NULL,NULL
lpxsku1017,1,listPrices,NULL,xsku1017,NULL,0,45.0000000,NULL,NULL,NULL
lpxsku1018,1,listPrices,NULL,xsku1018,NULL,0,45.0000000,NULL,NULL,NULL
lpxsku1019,1,listPrices,NULL,xsku1019,NULL,0,45.0000000,NULL,NULL,NULL
lpxsku1020,1,listPrices,NULL,xsku1020,NULL,0,28.0000000,NULL,NULL,NULL
lpxsku1021,1,listPrices,NULL,xsku1021,NULL,0,28.0000000,NULL,NULL,NULL
lpxsku1022,1,listPrices,NULL,xsku1022,NULL,0,28.0000000,NULL,NULL,NULL
lpxsku1023,1,listPrices,NULL,xsku1023,NULL,0,28.0000000,NULL,NULL,NULL
lpxsku1024,1,listPrices,NULL,xsku1024,NULL,0,28.0000000,NULL,NULL,NULL
lpxsku1025,1,listPrices,NULL,xsku1025,NULL,0,45.0000000,NULL,NULL,NULL
lpxsku1026,1,listPrices,NULL,xsku1026,NULL,0,45.0000000,NULL,NULL,NULL
lpxsku1027,1,listPrices,NULL,xsku1027,NULL,0,45.0000000,NULL,NULL,NULL
lpxsku1028,1,listPrices,NULL,xsku1028,NULL,0,45.0000000,NULL,NULL,NULL
lpxsku1029,1,listPrices,NULL,xsku1029,NULL,0,45.0000000,NULL,NULL,NULL
lpxsku1030,1,listPrices,NULL,xsku1030,NULL,0,45.0000000,NULL,NULL,NULL
lpxsku1031,1,listPrices,NULL,xsku1031,NULL,0,75.0000000,NULL,NULL,NULL
lpxsku1032,1,listPrices,NULL,xsku1032,NULL,0,60.0000000,NULL,NULL,NULL
lpxsku1033,1,listPrices,NULL,xsku1033,NULL,0,60.0000000,NULL,NULL,NULL
lpxsku1034,1,listPrices,NULL,xsku1034,NULL,0,60.0000000,NULL,NULL,NULL
lpxsku1035,1,listPrices,NULL,xsku1035,NULL,0,60.0000000,NULL,NULL,NULL
lpxsku1036,1,listPrices,NULL,xsku1036,NULL,0,60.0000000,NULL,NULL,NULL
lpxsku1037,1,listPrices,NULL,xsku1037,NULL,0,60.0000000,NULL,NULL,NULL
lpxsku1038,1,listPrices,NULL,xsku1038,NULL,0,120.0000000,NULL,NULL,NULL
lpxsku1039,1,listPrices,NULL,xsku1039,NULL,0,150.0000000,NULL,NULL,NULL
lpxsku1040,1,listPrices,NULL,xsku1040,NULL,0,29.5000000,NULL,NULL,NULL
lpxsku1040_2,1,listPrices,NULL,xsku1040_2,NULL,0,29.5000000,NULL,NULL,NULL
lpxsku1041,1,listPrices,NULL,xsku1041,NULL,0,35.0000000,NULL,NULL,NULL
lpxsku1042,1,listPrices,NULL,xsku1042,NULL,0,100.0000000,NULL,NULL,NULL
lpxsku1043,1,listPrices,NULL,xsku1043,NULL,0,5.0000000,NULL,NULL,NULL
lpxsku1044,1,listPrices,NULL,xsku1044,NULL,0,25.0000000,NULL,NULL,NULL
lpxsku1045,1,listPrices,NULL,xsku1045,NULL,0,50.0000000,NULL,NULL,NULL
lpxsku1046,1,listPrices,NULL,xsku1046,NULL,0,100.0000000,NULL,NULL,NULL
lpxsku1047,1,listPrices,NULL,xsku1047,NULL,0,60.0000000,NULL,NULL,NULL
lpxsku1048,1,listPrices,NULL,xsku1048,NULL,0,40.0000000,NULL,NULL,NULL
lpxsku1049,1,listPrices,NULL,xsku1049,NULL,0,20.0000000,NULL,NULL,NULL
lpxsku1050,1,listPrices,NULL,xsku1050,NULL,0,60.0000000,NULL,NULL,NULL
lpxsku1051,1,listPrices,NULL,xsku1051,NULL,0,40.0000000,NULL,NULL,NULL
lpxsku1052,1,listPrices,NULL,xsku1052,NULL,0,20.0000000,NULL,NULL,NULL
lpxsku1053,1,listPrices,NULL,xsku1053,NULL,0,60.0000000,NULL,NULL,NULL
lpxsku1054,1,listPrices,NULL,xsku1054,NULL,0,40.0000000,NULL,NULL,NULL
lpxsku1055,1,listPrices,NULL,xsku1055,NULL,0,20.0000000,NULL,NULL,NULL
lpxsku1056,1,listPrices,NULL,xsku1056,NULL,0,60.0000000,NULL,NULL,NULL
lpxsku1057,1,listPrices,NULL,xsku1057,NULL,0,40.0000000,NULL,NULL,NULL
lpxsku1058,1,listPrices,NULL,xsku1058,NULL,0,20.0000000,NULL,NULL,NULL
lpxsku1059,1,listPrices,NULL,xsku1059,NULL,0,150.0000000,NULL,NULL,NULL
lpxsku1060,1,listPrices,NULL,xsku1060,NULL,0,150.0000000,NULL,NULL,NULL
lpxsku1061,1,listPrices,NULL,xsku1061,NULL,0,150.0000000,NULL,NULL,NULL
lpxsku1062,1,listPrices,NULL,xsku1062,NULL,0,150.0000000,NULL,NULL,NULL
lpxsku1063,1,listPrices,NULL,xsku1063,NULL,0,380.0000000,NULL,NULL,NULL
lpxsku1064,1,listPrices,NULL,xsku1064,NULL,0,380.0000000,NULL,NULL,NULL
lpxsku1065,1,listPrices,NULL,xsku1065,NULL,0,380.0000000,NULL,NULL,NULL
lpxsku1066,1,listPrices,NULL,xsku1066,NULL,0,380.0000000,NULL,NULL,NULL
lpxsku1067,1,listPrices,NULL,xsku1067,NULL,0,3.5000000,NULL,NULL,NULL
lpxsku1068,1,listPrices,NULL,xsku1068,NULL,0,40.0000000,NULL,NULL,NULL
lpxsku1069,1,listPrices,NULL,xsku1069,NULL,0,35.0000000,NULL,NULL,NULL
lpxsku1070,1,listPrices,NULL,xsku1070,NULL,0,30.0000000,NULL,NULL,NULL
lpxsku1071,1,listPrices,NULL,xsku1071,NULL,0,35.0000000,NULL,NULL,NULL
lpxsku1072,1,listPrices,NULL,xsku1072,NULL,0,45.0000000,NULL,NULL,NULL
lpxsku1073,1,listPrices,NULL,xsku1073,NULL,0,150.0000000,NULL,NULL,NULL
lpxsku1074,1,listPrices,NULL,xsku1074,NULL,0,149.0000000,NULL,NULL,NULL
lpxsku1075,1,listPrices,NULL,xsku1075,NULL,0,8.9900000,NULL,NULL,NULL
lpxsku1076,1,listPrices,NULL,xsku1076,NULL,0,8.9900000,NULL,NULL,NULL
lpxsku1077,1,listPrices,NULL,xsku1077,NULL,0,8.9900000,NULL,NULL,NULL
lpxsku1078,1,listPrices,NULL,xsku1078,NULL,0,59.5000000,NULL,NULL,NULL
lpxsku1079,1,listPrices,NULL,xsku1079,NULL,0,59.5000000,NULL,NULL,NULL
lpxsku1080,1,listPrices,NULL,xsku1080,NULL,0,59.5000000,NULL,NULL,NULL
lpxsku1081,1,listPrices,NULL,xsku1081,NULL,0,59.5000000,NULL,NULL,NULL
lpxsku1082,1,listPrices,NULL,xsku1082,NULL,0,59.5000000,NULL,NULL,NULL
lpxsku1083,1,listPrices,NULL,xsku1083,NULL,0,59.5000000,NULL,NULL,NULL
lpxsku1084,1,listPrices,NULL,xsku1084,NULL,0,59.5000000,NULL,NULL,NULL
lpxsku1085,1,listPrices,NULL,xsku1085,NULL,0,59.5000000,NULL,NULL,NULL
lpxsku1086,1,listPrices,NULL,xsku1086,NULL,0,59.5000000,NULL,NULL,NULL
lpxsku1087,1,listPrices,NULL,xsku1087,NULL,0,59.5000000,NULL,NULL,NULL
lpxsku1088,1,listPrices,NULL,xsku1088,NULL,0,59.5000000,NULL,NULL,NULL
lpxsku1089,1,listPrices,NULL,xsku1089,NULL,0,59.5000000,NULL,NULL,NULL
lpxsku1090,1,listPrices,NULL,xsku1090,NULL,0,28.0000000,NULL,NULL,NULL
lpxsku1091,1,listPrices,NULL,xsku1091,NULL,0,28.0000000,NULL,NULL,NULL
lpxsku1092,1,listPrices,NULL,xsku1092,NULL,0,28.0000000,NULL,NULL,NULL
lpxsku1093,1,listPrices,NULL,xsku1093,NULL,0,28.0000000,NULL,NULL,NULL
lpxsku1094,1,listPrices,NULL,xsku1094,NULL,0,28.0000000,NULL,NULL,NULL
lpxsku1095,1,listPrices,NULL,xsku1095,NULL,0,28.0000000,NULL,NULL,NULL
lpxsku1096,1,listPrices,NULL,xsku1096,NULL,0,28.0000000,NULL,NULL,NULL
lpxsku1097,1,listPrices,NULL,xsku1097,NULL,0,28.0000000,NULL,NULL,NULL
lpxsku1098,1,listPrices,NULL,xsku1098,NULL,0,28.0000000,NULL,NULL,NULL
lpxsku1099,1,listPrices,NULL,xsku1099,NULL,0,28.0000000,NULL,NULL,NULL
lpxsku1100,1,listPrices,NULL,xsku1100,NULL,0,28.0000000,NULL,NULL,NULL
lpxsku1101,1,listPrices,NULL,xsku1101,NULL,0,28.0000000,NULL,NULL,NULL
lpxsku1102,1,listPrices,NULL,xsku1102,NULL,0,45.0000000,NULL,NULL,NULL
lpxsku1103,1,listPrices,NULL,xsku1103,NULL,0,45.0000000,NULL,NULL,NULL
lpxsku1104,1,listPrices,NULL,xsku1104,NULL,0,45.0000000,NULL,NULL,NULL
lpxsku1105,1,listPrices,NULL,xsku1105,NULL,0,45.0000000,NULL,NULL,NULL
lpxsku1106,1,listPrices,NULL,xsku1106,NULL,0,45.0000000,NULL,NULL,NULL
lpxsku1107,1,listPrices,NULL,xsku1107,NULL,0,45.0000000,NULL,NULL,NULL
lpxsku1108,1,listPrices,NULL,xsku1108,NULL,0,45.0000000,NULL,NULL,NULL
lpxsku1109,1,listPrices,NULL,xsku1109,NULL,0,45.0000000,NULL,NULL,NULL
lpxsku1110,1,listPrices,NULL,xsku1110,NULL,0,45.0000000,NULL,NULL,NULL
lpxsku1111,1,listPrices,NULL,xsku1111,NULL,0,45.0000000,NULL,NULL,NULL
lpxsku1112,1,listPrices,NULL,xsku1112,NULL,0,45.0000000,NULL,NULL,NULL
lpxsku1113,1,listPrices,NULL,xsku1113,NULL,0,45.0000000,NULL,NULL,NULL
lpxsku1114,1,listPrices,NULL,xsku1114,NULL,0,88.0000000,NULL,NULL,NULL
lpxsku1115,1,listPrices,NULL,xsku1115,NULL,0,88.0000000,NULL,NULL,NULL
lpxsku1116,1,listPrices,NULL,xsku1116,NULL,0,88.0000000,NULL,NULL,NULL
lpxsku1117,1,listPrices,NULL,xsku1117,NULL,0,88.0000000,NULL,NULL,NULL
lpxsku1118,1,listPrices,NULL,xsku1118,NULL,0,88.0000000,NULL,NULL,NULL
lpxsku1119,1,listPrices,NULL,xsku1119,NULL,0,88.0000000,NULL,NULL,NULL
lpxsku1120,1,listPrices,NULL,xsku1120,NULL,0,88.0000000,NULL,NULL,NULL
lpxsku1121,1,listPrices,NULL,xsku1121,NULL,0,88.0000000,NULL,NULL,NULL
lpxsku1122,1,listPrices,NULL,xsku1122,NULL,0,88.0000000,NULL,NULL,NULL
lpxsku1123,1,listPrices,NULL,xsku1123,NULL,0,88.0000000,NULL,NULL,NULL
lpxsku1124,1,listPrices,NULL,xsku1124,NULL,0,88.0000000,NULL,NULL,NULL
lpxsku1125,1,listPrices,NULL,xsku1125,NULL,0,88.0000000,NULL,NULL,NULL
lpxsku1126,1,listPrices,NULL,xsku1126,NULL,0,148.0000000,NULL,NULL,NULL
lpxsku1127,1,listPrices,NULL,xsku1127,NULL,0,148.0000000,NULL,NULL,NULL
lpxsku1128,1,listPrices,NULL,xsku1128,NULL,0,148.0000000,NULL,NULL,NULL
lpxsku1129,1,listPrices,NULL,xsku1129,NULL,0,148.0000000,NULL,NULL,NULL
lpxsku1130,1,listPrices,NULL,xsku1130,NULL,0,148.0000000,NULL,NULL,NULL
lpxsku1131,1,listPrices,NULL,xsku1131,NULL,0,148.0000000,NULL,NULL,NULL
lpxsku1132,1,listPrices,NULL,xsku1132,NULL,0,148.0000000,NULL,NULL,NULL
lpxsku1133,1,listPrices,NULL,xsku1133,NULL,0,148.0000000,NULL,NULL,NULL
lpxsku1134,1,listPrices,NULL,xsku1134,NULL,0,148.0000000,NULL,NULL,NULL
lpxsku1135,1,listPrices,NULL,xsku1135,NULL,0,148.0000000,NULL,NULL,NULL
lpxsku1136,1,listPrices,NULL,xsku1136,NULL,0,148.0000000,NULL,NULL,NULL
lpxsku1137,1,listPrices,NULL,xsku1137,NULL,0,148.0000000,NULL,NULL,NULL
lpxsku1138,1,listPrices,NULL,xsku1138,NULL,0,88.0000000,NULL,NULL,NULL
lpxsku1139,1,listPrices,NULL,xsku1139,NULL,0,88.0000000,NULL,NULL,NULL
lpxsku1140,1,listPrices,NULL,xsku1140,NULL,0,88.0000000,NULL,NULL,NULL
lpxsku1141,1,listPrices,NULL,xsku1141,NULL,0,88.0000000,NULL,NULL,NULL
lpxsku1142,1,listPrices,NULL,xsku1142,NULL,0,88.0000000,NULL,NULL,NULL
lpxsku1143,1,listPrices,NULL,xsku1143,NULL,0,88.0000000,NULL,NULL,NULL
lpxsku1144,1,listPrices,NULL,xsku1144,NULL,0,88.0000000,NULL,NULL,NULL
lpxsku1145,1,listPrices,NULL,xsku1145,NULL,0,88.0000000,NULL,NULL,NULL
lpxsku1146,1,listPrices,NULL,xsku1146,NULL,0,88.0000000,NULL,NULL,NULL
lpxsku1147,1,listPrices,NULL,xsku1147,NULL,0,88.0000000,NULL,NULL,NULL
lpxsku1148,1,listPrices,NULL,xsku1148,NULL,0,88.0000000,NULL,NULL,NULL
lpxsku1149,1,listPrices,NULL,xsku1149,NULL,0,88.0000000,NULL,NULL,NULL
lpxsku1150,1,listPrices,NULL,xsku1150,NULL,0,68.0000000,NULL,NULL,NULL
lpxsku1151,1,listPrices,NULL,xsku1151,NULL,0,68.0000000,NULL,NULL,NULL
lpxsku1152,1,listPrices,NULL,xsku1152,NULL,0,68.0000000,NULL,NULL,NULL
lpxsku1153,1,listPrices,NULL,xsku1153,NULL,0,68.0000000,NULL,NULL,NULL
lpxsku1154,1,listPrices,NULL,xsku1154,NULL,0,68.0000000,NULL,NULL,NULL
lpxsku1155,1,listPrices,NULL,xsku1155,NULL,0,68.0000000,NULL,NULL,NULL
lpxsku1156,1,listPrices,NULL,xsku1156,NULL,0,68.0000000,NULL,NULL,NULL
lpxsku1157,1,listPrices,NULL,xsku1157,NULL,0,68.0000000,NULL,NULL,NULL
lpxsku1158,1,listPrices,NULL,xsku1158,NULL,0,68.0000000,NULL,NULL,NULL
lpxsku1159,1,listPrices,NULL,xsku1159,NULL,0,68.0000000,NULL,NULL,NULL
lpxsku1160,1,listPrices,NULL,xsku1160,NULL,0,68.0000000,NULL,NULL,NULL
lpxsku1161,1,listPrices,NULL,xsku1161,NULL,0,68.0000000,NULL,NULL,NULL
lpxsku1162,1,listPrices,NULL,xsku1162,NULL,0,68.0000000,NULL,NULL,NULL
lpxsku1163,1,listPrices,NULL,xsku1163,NULL,0,68.0000000,NULL,NULL,NULL
lpxsku1164,1,listPrices,NULL,xsku1164,NULL,0,68.0000000,NULL,NULL,NULL
lpxsku1165,1,listPrices,NULL,xsku1165,NULL,0,68.0000000,NULL,NULL,NULL
lpxsku1166,1,listPrices,NULL,xsku1166,NULL,0,55.0000000,NULL,NULL,NULL
lpxsku1167,1,listPrices,NULL,xsku1167,NULL,0,55.0000000,NULL,NULL,NULL
lpxsku1168,1,listPrices,NULL,xsku1168,NULL,0,55.0000000,NULL,NULL,NULL
lpxsku1169,1,listPrices,NULL,xsku1169,NULL,0,55.0000000,NULL,NULL,NULL
lpxsku1170,1,listPrices,NULL,xsku1170,NULL,0,55.0000000,NULL,NULL,NULL
lpxsku1171,1,listPrices,NULL,xsku1171,NULL,0,55.0000000,NULL,NULL,NULL
lpxsku1172,1,listPrices,NULL,xsku1172,NULL,0,55.0000000,NULL,NULL,NULL
lpxsku1173,1,listPrices,NULL,xsku1173,NULL,0,55.0000000,NULL,NULL,NULL
lpxsku1174,1,listPrices,NULL,xsku1174,NULL,0,55.0000000,NULL,NULL,NULL
lpxsku1175,1,listPrices,NULL,xsku1175,NULL,0,98.0000000,NULL,NULL,NULL
lpxsku1176,1,listPrices,NULL,xsku1176,NULL,0,98.0000000,NULL,NULL,NULL
lpxsku1177,1,listPrices,NULL,xsku1177,NULL,0,98.0000000,NULL,NULL,NULL
lpxsku1178,1,listPrices,NULL,xsku1178,NULL,0,98.0000000,NULL,NULL,NULL
lpxsku1179,1,listPrices,NULL,xsku1179,NULL,0,98.0000000,NULL,NULL,NULL
lpxsku1180,1,listPrices,NULL,xsku1180,NULL,0,98.0000000,NULL,NULL,NULL
lpxsku1181,1,listPrices,NULL,xsku1181,NULL,0,98.0000000,NULL,NULL,NULL
lpxsku1182,1,listPrices,NULL,xsku1182,NULL,0,100.0000000,NULL,NULL,NULL
lpxsku1183,1,listPrices,NULL,xsku1183,NULL,0,100.0000000,NULL,NULL,NULL
lpxsku1184,1,listPrices,NULL,xsku1184,NULL,0,100.0000000,NULL,NULL,NULL
lpxsku1185,1,listPrices,NULL,xsku1185,NULL,0,100.0000000,NULL,NULL,NULL
lpxsku1186,1,listPrices,NULL,xsku1186,NULL,0,100.0000000,NULL,NULL,NULL
lpxsku1187,1,listPrices,NULL,xsku1187,NULL,0,130.0000000,NULL,NULL,NULL
lpxsku1188,1,listPrices,NULL,xsku1188,NULL,0,130.0000000,NULL,NULL,NULL
lpxsku1189,1,listPrices,NULL,xsku1189,NULL,0,130.0000000,NULL,NULL,NULL
lpxsku1190,1,listPrices,NULL,xsku1190,NULL,0,130.0000000,NULL,NULL,NULL
lpxsku1191,1,listPrices,NULL,xsku1191,NULL,0,130.0000000,NULL,NULL,NULL
lpxsku1192,1,listPrices,NULL,xsku1192,NULL,0,108.0000000,NULL,NULL,NULL
lpxsku1193,1,listPrices,NULL,xsku1193,NULL,0,108.0000000,NULL,NULL,NULL
lpxsku1194,1,listPrices,NULL,xsku1194,NULL,0,108.0000000,NULL,NULL,NULL
lpxsku1195,1,listPrices,NULL,xsku1195,NULL,0,108.0000000,NULL,NULL,NULL
lpxsku1196,1,listPrices,NULL,xsku1196,NULL,0,108.0000000,NULL,NULL,NULL
lpxsku1197,1,listPrices,NULL,xsku1197,NULL,0,40.0000000,NULL,NULL,NULL
lpxsku1198,1,listPrices,NULL,xsku1198,NULL,0,40.0000000,NULL,NULL,NULL
lpxsku1199,1,listPrices,NULL,xsku1199,NULL,0,40.0000000,NULL,NULL,NULL
lpxsku1200,1,listPrices,NULL,xsku1200,NULL,0,40.0000000,NULL,NULL,NULL
lpxsku1201,1,listPrices,NULL,xsku1201,NULL,0,40.0000000,NULL,NULL,NULL
lpxsku1202,1,listPrices,NULL,xsku1202,NULL,0,130.0000000,NULL,NULL,NULL
lpxsku1203,1,listPrices,NULL,xsku1203,NULL,0,130.0000000,NULL,NULL,NULL
lpxsku1204,1,listPrices,NULL,xsku1204,NULL,0,130.0000000,NULL,NULL,NULL
lpxsku1205,1,listPrices,NULL,xsku1205,NULL,0,130.0000000,NULL,NULL,NULL
lpxsku1206,1,listPrices,NULL,xsku1206,NULL,0,130.0000000,NULL,NULL,NULL
lpxsku1207,1,listPrices,NULL,xsku1207,NULL,0,130.0000000,NULL,NULL,NULL
lpxsku1208,1,listPrices,NULL,xsku1208,NULL,0,130.0000000,NULL,NULL,NULL
lpxsku1209,1,listPrices,NULL,xsku1209,NULL,0,130.0000000,NULL,NULL,NULL
lpxsku1210,1,listPrices,NULL,xsku1210,NULL,0,130.0000000,NULL,NULL,NULL
lpxsku1211,1,listPrices,NULL,xsku1211,NULL,0,130.0000000,NULL,NULL,NULL
lpxsku1212,1,listPrices,NULL,xsku1212,NULL,0,150.0000000,NULL,NULL,NULL
lpxsku1213,1,listPrices,NULL,xsku1213,NULL,0,150.0000000,NULL,NULL,NULL
lpxsku1214,1,listPrices,NULL,xsku1214,NULL,0,150.0000000,NULL,NULL,NULL
lpxsku1215,1,listPrices,NULL,xsku1215,NULL,0,150.0000000,NULL,NULL,NULL
lpxsku1216,1,listPrices,NULL,xsku1216,NULL,0,150.0000000,NULL,NULL,NULL
lpxsku1217,1,listPrices,NULL,xsku1217,NULL,0,150.0000000,NULL,NULL,NULL
lpxsku1218,1,listPrices,NULL,xsku1218,NULL,0,150.0000000,NULL,NULL,NULL
lpxsku1219,1,listPrices,NULL,xsku1219,NULL,0,150.0000000,NULL,NULL,NULL
lpxsku1220,1,listPrices,NULL,xsku1220,NULL,0,150.0000000,NULL,NULL,NULL
lpxsku1221,1,listPrices,NULL,xsku1221,NULL,0,150.0000000,NULL,NULL,NULL
lpxsku1222,1,listPrices,NULL,xsku1222,NULL,0,40.0000000,NULL,NULL,NULL
lpxsku1223,1,listPrices,NULL,xsku1223,NULL,0,40.0000000,NULL,NULL,NULL
lpxsku1224,1,listPrices,NULL,xsku1224,NULL,0,40.0000000,NULL,NULL,NULL
lpxsku1225,1,listPrices,NULL,xsku1225,NULL,0,40.0000000,NULL,NULL,NULL
lpxsku1226,1,listPrices,NULL,xsku1226,NULL,0,40.0000000,NULL,NULL,NULL
lpxsku1227,1,listPrices,NULL,xsku1227,NULL,0,88.0000000,NULL,NULL,NULL
lpxsku1228,1,listPrices,NULL,xsku1228,NULL,0,88.0000000,NULL,NULL,NULL
lpxsku1229,1,listPrices,NULL,xsku1229,NULL,0,88.0000000,NULL,NULL,NULL
lpxsku1230,1,listPrices,NULL,xsku1230,NULL,0,88.0000000,NULL,NULL,NULL
lpxsku1231,1,listPrices,NULL,xsku1231,NULL,0,88.0000000,NULL,NULL,NULL
lpxsku1232,1,listPrices,NULL,xsku1232,NULL,0,88.0000000,NULL,NULL,NULL
lpxsku1233,1,listPrices,NULL,xsku1233,NULL,0,88.0000000,NULL,NULL,NULL
lpxsku1234,1,listPrices,NULL,xsku1234,NULL,0,88.0000000,NULL,NULL,NULL
lpxsku1235,1,listPrices,NULL,xsku1235,NULL,0,110.0000000,NULL,NULL,NULL
lpxsku1236,1,listPrices,NULL,xsku1236,NULL,0,110.0000000,NULL,NULL,NULL
lpxsku1237,1,listPrices,NULL,xsku1237,NULL,0,110.0000000,NULL,NULL,NULL
lpxsku1238,1,listPrices,NULL,xsku1238,NULL,0,110.0000000,NULL,NULL,NULL
lpxsku1239,1,listPrices,NULL,xsku1239,NULL,0,110.0000000,NULL,NULL,NULL
lpxsku1240,1,listPrices,NULL,xsku1240,NULL,0,110.0000000,NULL,NULL,NULL
lpxsku1241,1,listPrices,NULL,xsku1241,NULL,0,110.0000000,NULL,NULL,NULL
lpxsku1242,1,listPrices,NULL,xsku1242,NULL,0,200.0000000,NULL,NULL,NULL
lpxsku1243,1,listPrices,NULL,xsku1243,NULL,0,200.0000000,NULL,NULL,NULL
lpxsku1244,1,listPrices,NULL,xsku1244,NULL,0,200.0000000,NULL,NULL,NULL
lpxsku1245,1,listPrices,NULL,xsku1245,NULL,0,200.0000000,NULL,NULL,NULL
lpxsku1246,1,listPrices,NULL,xsku1246,NULL,0,200.0000000,NULL,NULL,NULL
lpxsku1247,1,listPrices,NULL,xsku1247,NULL,0,29.0000000,NULL,NULL,NULL
lpxsku1248,1,listPrices,NULL,xsku1248,NULL,0,29.0000000,NULL,NULL,NULL
lpxsku1249,1,listPrices,NULL,xsku1249,NULL,0,29.0000000,NULL,NULL,NULL
lpxsku1250,1,listPrices,NULL,xsku1250,NULL,0,29.0000000,NULL,NULL,NULL
lpxsku1251,1,listPrices,NULL,xsku1251,NULL,0,29.0000000,NULL,NULL,NULL
lpxsku1252,1,listPrices,NULL,xsku1252,NULL,0,29.0000000,NULL,NULL,NULL
lpxsku1253,1,listPrices,NULL,xsku1253,NULL,0,29.0000000,NULL,NULL,NULL
lpxsku1254,1,listPrices,NULL,xsku1254,NULL,0,29.0000000,NULL,NULL,NULL
lpxsku1255,1,listPrices,NULL,xsku1255,NULL,0,29.0000000,NULL,NULL,NULL
lpxsku1256,1,listPrices,NULL,xsku1256,NULL,0,59.5000000,NULL,NULL,NULL
lpxsku1257,1,listPrices,NULL,xsku1257,NULL,0,59.5000000,NULL,NULL,NULL
lpxsku1258,1,listPrices,NULL,xsku1258,NULL,0,59.5000000,NULL,NULL,NULL
lpxsku1259,1,listPrices,NULL,xsku1259,NULL,0,59.5000000,NULL,NULL,NULL
lpxsku1260,1,listPrices,NULL,xsku1260,NULL,0,59.5000000,NULL,NULL,NULL
lpxsku1261,1,listPrices,NULL,xsku1261,NULL,0,59.5000000,NULL,NULL,NULL
lpxsku1262,1,listPrices,NULL,xsku1262,NULL,0,59.5000000,NULL,NULL,NULL
lpxsku1263,1,listPrices,NULL,xsku1263,NULL,0,59.5000000,NULL,NULL,NULL
lpxsku1264,1,listPrices,NULL,xsku1264,NULL,0,59.5000000,NULL,NULL,NULL
lpxsku1274,1,listPrices,NULL,xsku1274,NULL,0,29.5000000,NULL,NULL,NULL
lpxsku1275,1,listPrices,NULL,xsku1275,NULL,0,29.5000000,NULL,NULL,NULL
lpxsku1276,1,listPrices,NULL,xsku1276,NULL,0,29.5000000,NULL,NULL,NULL
lpxsku1277,1,listPrices,NULL,xsku1277,NULL,0,29.5000000,NULL,NULL,NULL
lpxsku1278,1,listPrices,NULL,xsku1278,NULL,0,29.5000000,NULL,NULL,NULL
lpxsku1279,1,listPrices,NULL,xsku1279,NULL,0,29.5000000,NULL,NULL,NULL
lpxsku1280,1,listPrices,NULL,xsku1280,NULL,0,29.5000000,NULL,NULL,NULL
lpxsku1281,1,listPrices,NULL,xsku1281,NULL,0,29.5000000,NULL,NULL,NULL
lpxsku1282,1,listPrices,NULL,xsku1282,NULL,0,29.5000000,NULL,NULL,NULL
lpxsku1283,1,listPrices,NULL,xsku1283,NULL,0,138.0000000,NULL,NULL,NULL
lpxsku1284,1,listPrices,NULL,xsku1284,NULL,0,138.0000000,NULL,NULL,NULL
lpxsku1285,1,listPrices,NULL,xsku1285,NULL,0,138.0000000,NULL,NULL,NULL
lpxsku1286,1,listPrices,NULL,xsku1286,NULL,0,138.0000000,NULL,NULL,NULL
lpxsku1287,1,listPrices,NULL,xsku1287,NULL,0,138.0000000,NULL,NULL,NULL
lpxsku1288,1,listPrices,NULL,xsku1288,NULL,0,138.0000000,NULL,NULL,NULL
lpxsku1289,1,listPrices,NULL,xsku1289,NULL,0,138.0000000,NULL,NULL,NULL
lpxsku1290,1,listPrices,NULL,xsku1290,NULL,0,138.0000000,NULL,NULL,NULL
lpxsku1291,1,listPrices,NULL,xsku1291,NULL,0,138.0000000,NULL,NULL,NULL
lpxsku1292,1,listPrices,NULL,xsku1292,NULL,0,48.0000000,NULL,NULL,NULL
lpxsku1293,1,listPrices,NULL,xsku1293,NULL,0,48.0000000,NULL,NULL,NULL
lpxsku1294,1,listPrices,NULL,xsku1294,NULL,0,48.0000000,NULL,NULL,NULL
lpxsku1295,1,listPrices,NULL,xsku1295,NULL,0,48.0000000,NULL,NULL,NULL
lpxsku1296,1,listPrices,NULL,xsku1296,NULL,0,48.0000000,NULL,NULL,NULL
lpxsku1297,1,listPrices,NULL,xsku1297,NULL,0,48.0000000,NULL,NULL,NULL
lpxsku1298,1,listPrices,NULL,xsku1298,NULL,0,48.0000000,NULL,NULL,NULL
lpxsku1299,1,listPrices,NULL,xsku1299,NULL,0,48.0000000,NULL,NULL,NULL
lpxsku1300,1,listPrices,NULL,xsku1300,NULL,0,48.0000000,NULL,NULL,NULL
lpxsku1301,1,listPrices,NULL,xsku1301,NULL,0,58.0000000,NULL,NULL,NULL
lpxsku1302,1,listPrices,NULL,xsku1302,NULL,0,58.0000000,NULL,NULL,NULL
lpxsku1303,1,listPrices,NULL,xsku1303,NULL,0,58.0000000,NULL,NULL,NULL
lpxsku1304,1,listPrices,NULL,xsku1304,NULL,0,58.0000000,NULL,NULL,NULL
lpxsku1305,1,listPrices,NULL,xsku1305,NULL,0,58.0000000,NULL,NULL,NULL
lpxsku1306,1,listPrices,NULL,xsku1306,NULL,0,58.0000000,NULL,NULL,NULL
lpxsku1307,1,listPrices,NULL,xsku1307,NULL,0,58.0000000,NULL,NULL,NULL
lpxsku1308,1,listPrices,NULL,xsku1308,NULL,0,58.0000000,NULL,NULL,NULL
lpxsku1309,1,listPrices,NULL,xsku1309,NULL,0,58.0000000,NULL,NULL,NULL
lpxsku1310,1,listPrices,NULL,xsku1310,NULL,0,149.0000000,NULL,NULL,NULL
lpxsku1311,1,listPrices,NULL,xsku1311,NULL,0,149.0000000,NULL,NULL,NULL
lpxsku1312,1,listPrices,NULL,xsku1312,NULL,0,149.0000000,NULL,NULL,NULL
lpxsku1313,1,listPrices,NULL,xsku1313,NULL,0,149.0000000,NULL,NULL,NULL
lpxsku1314,1,listPrices,NULL,xsku1314,NULL,0,149.0000000,NULL,NULL,NULL
lpxsku1315,1,listPrices,NULL,xsku1315,NULL,0,149.0000000,NULL,NULL,NULL
lpxsku1316,1,listPrices,NULL,xsku1316,NULL,0,58.0000000,NULL,NULL,NULL
lpxsku1317,1,listPrices,NULL,xsku1317,NULL,0,58.0000000,NULL,NULL,NULL
lpxsku1318,1,listPrices,NULL,xsku1318,NULL,0,58.0000000,NULL,NULL,NULL
lpxsku1319,1,listPrices,NULL,xsku1319,NULL,0,58.0000000,NULL,NULL,NULL
lpxsku1320,1,listPrices,NULL,xsku1320,NULL,0,58.0000000,NULL,NULL,NULL
lpxsku1321,1,listPrices,NULL,xsku1321,NULL,0,58.0000000,NULL,NULL,NULL
lpxsku1322,1,listPrices,NULL,xsku1322,NULL,0,58.0000000,NULL,NULL,NULL
lpxsku1323,1,listPrices,NULL,xsku1323,NULL,0,58.0000000,NULL,NULL,NULL
lpxsku1324,1,listPrices,NULL,xsku1324,NULL,0,58.0000000,NULL,NULL,NULL
lpxsku1325,1,listPrices,NULL,xsku1325,NULL,0,58.0000000,NULL,NULL,NULL
lpxsku1326,1,listPrices,NULL,xsku1326,NULL,0,58.0000000,NULL,NULL,NULL
lpxsku1327,1,listPrices,NULL,xsku1327,NULL,0,58.0000000,NULL,NULL,NULL
lpxsku1328,1,listPrices,NULL,xsku1328,NULL,0,88.0000000,NULL,NULL,NULL
lpxsku1329,1,listPrices,NULL,xsku1329,NULL,0,88.0000000,NULL,NULL,NULL
lpxsku1330,1,listPrices,NULL,xsku1330,NULL,0,88.0000000,NULL,NULL,NULL
lpxsku1331,1,listPrices,NULL,xsku1331,NULL,0,88.0000000,NULL,NULL,NULL
lpxsku1332,1,listPrices,NULL,xsku1332,NULL,0,88.0000000,NULL,NULL,NULL
lpxsku1333,1,listPrices,NULL,xsku1333,NULL,0,88.0000000,NULL,NULL,NULL
lpxsku1334,1,listPrices,NULL,xsku1334,NULL,0,59.0000000,NULL,NULL,NULL
lpxsku1335,1,listPrices,NULL,xsku1335,NULL,0,59.0000000,NULL,NULL,NULL
lpxsku1336,1,listPrices,NULL,xsku1336,NULL,0,59.0000000,NULL,NULL,NULL
lpxsku1337,1,listPrices,NULL,xsku1337,NULL,0,59.0000000,NULL,NULL,NULL
lpxsku1338,1,listPrices,NULL,xsku1338,NULL,0,59.0000000,NULL,NULL,NULL
lpxsku1339,1,listPrices,NULL,xsku1339,NULL,0,59.0000000,NULL,NULL,NULL
lpxsku1340,1,listPrices,NULL,xsku1340,NULL,0,59.0000000,NULL,NULL,NULL
lpxsku1341,1,listPrices,NULL,xsku1341,NULL,0,59.0000000,NULL,NULL,NULL
lpxsku1342,1,listPrices,NULL,xsku1342,NULL,0,59.0000000,NULL,NULL,NULL
lpxsku1343,1,listPrices,NULL,xsku1343,NULL,0,59.0000000,NULL,NULL,NULL
lpxsku1344,1,listPrices,NULL,xsku1344,NULL,0,59.0000000,NULL,NULL,NULL
lpxsku1345,1,listPrices,NULL,xsku1345,NULL,0,59.0000000,NULL,NULL,NULL
lpxsku1346,1,listPrices,NULL,xsku1346,NULL,0,78.0000000,NULL,NULL,NULL
lpxsku1347,1,listPrices,NULL,xsku1347,NULL,0,78.0000000,NULL,NULL,NULL
lpxsku1348,1,listPrices,NULL,xsku1348,NULL,0,78.0000000,NULL,NULL,NULL
lpxsku1349,1,listPrices,NULL,xsku1349,NULL,0,78.0000000,NULL,NULL,NULL
lpxsku1350,1,listPrices,NULL,xsku1350,NULL,0,78.0000000,NULL,NULL,NULL
lpxsku1351,1,listPrices,NULL,xsku1351,NULL,0,78.0000000,NULL,NULL,NULL
lpxsku1352,1,listPrices,NULL,xsku1352,NULL,0,78.0000000,NULL,NULL,NULL
lpxsku1353,1,listPrices,NULL,xsku1353,NULL,0,78.0000000,NULL,NULL,NULL
lpxsku1354,1,listPrices,NULL,xsku1354,NULL,0,78.0000000,NULL,NULL,NULL
lpxsku1355,1,listPrices,NULL,xsku1355,NULL,0,78.0000000,NULL,NULL,NULL
lpxsku1356,1,listPrices,NULL,xsku1356,NULL,0,78.0000000,NULL,NULL,NULL
lpxsku1357,1,listPrices,NULL,xsku1357,NULL,0,78.0000000,NULL,NULL,NULL
lpxsku1358,1,listPrices,NULL,xsku1358,NULL,0,98.0000000,NULL,NULL,NULL
lpxsku1359,1,listPrices,NULL,xsku1359,NULL,0,98.0000000,NULL,NULL,NULL
lpxsku1360,1,listPrices,NULL,xsku1360,NULL,0,98.0000000,NULL,NULL,NULL
lpxsku1361,1,listPrices,NULL,xsku1361,NULL,0,98.0000000,NULL,NULL,NULL
lpxsku1362,1,listPrices,NULL,xsku1362,NULL,0,98.0000000,NULL,NULL,NULL
lpxsku1363,1,listPrices,NULL,xsku1363,NULL,0,98.0000000,NULL,NULL,NULL
lpxsku1364,1,listPrices,NULL,xsku1364,NULL,0,98.0000000,NULL,NULL,NULL
lpxsku1365,1,listPrices,NULL,xsku1365,NULL,0,98.0000000,NULL,NULL,NULL
lpxsku1366,1,listPrices,NULL,xsku1366,NULL,0,98.0000000,NULL,NULL,NULL
lpxsku1367,1,listPrices,NULL,xsku1367,NULL,0,98.0000000,NULL,NULL,NULL
lpxsku1368,1,listPrices,NULL,xsku1368,NULL,0,98.0000000,NULL,NULL,NULL
lpxsku1369,1,listPrices,NULL,xsku1369,NULL,0,98.0000000,NULL,NULL,NULL
lpxsku1370,1,listPrices,NULL,xsku1370,NULL,0,180.0000000,NULL,NULL,NULL
lpxsku1371,1,listPrices,NULL,xsku1371,NULL,0,180.0000000,NULL,NULL,NULL
lpxsku1372,1,listPrices,NULL,xsku1372,NULL,0,180.0000000,NULL,NULL,NULL
lpxsku1373,1,listPrices,NULL,xsku1373,NULL,0,180.0000000,NULL,NULL,NULL
lpxsku1374,1,listPrices,NULL,xsku1374,NULL,0,180.0000000,NULL,NULL,NULL
lpxsku1375,1,listPrices,NULL,xsku1375,NULL,0,180.0000000,NULL,NULL,NULL
lpxsku1376,1,listPrices,NULL,xsku1376,NULL,0,180.0000000,NULL,NULL,NULL
lpxsku1377,1,listPrices,NULL,xsku1377,NULL,0,180.0000000,NULL,NULL,NULL
lpxsku1378,1,listPrices,NULL,xsku1378,NULL,0,180.0000000,NULL,NULL,NULL
lpxsku1379,1,listPrices,NULL,xsku1379,NULL,0,180.0000000,NULL,NULL,NULL
lpxsku1380,1,listPrices,NULL,xsku1380,NULL,0,180.0000000,NULL,NULL,NULL
lpxsku1381,1,listPrices,NULL,xsku1381,NULL,0,180.0000000,NULL,NULL,NULL
lpxsku1382,1,listPrices,NULL,xsku1382,NULL,0,250.0000000,NULL,NULL,NULL
lpxsku1383,1,listPrices,NULL,xsku1383,NULL,0,250.0000000,NULL,NULL,NULL
lpxsku1384,1,listPrices,NULL,xsku1384,NULL,0,250.0000000,NULL,NULL,NULL
lpxsku1385,1,listPrices,NULL,xsku1385,NULL,0,250.0000000,NULL,NULL,NULL
lpxsku1386,1,listPrices,NULL,xsku1386,NULL,0,250.0000000,NULL,NULL,NULL
lpxsku1387,1,listPrices,NULL,xsku1387,NULL,0,250.0000000,NULL,NULL,NULL
lpxsku1388,1,listPrices,NULL,xsku1388,NULL,0,250.0000000,NULL,NULL,NULL
lpxsku1389,1,listPrices,NULL,xsku1389,NULL,0,250.0000000,NULL,NULL,NULL
lpxsku1390,1,listPrices,NULL,xsku1390,NULL,0,250.0000000,NULL,NULL,NULL
lpxsku1391,1,listPrices,NULL,xsku1391,NULL,0,250.0000000,NULL,NULL,NULL
lpxsku1392,1,listPrices,NULL,xsku1392,NULL,0,250.0000000,NULL,NULL,NULL
lpxsku1393,1,listPrices,NULL,xsku1393,NULL,0,250.0000000,NULL,NULL,NULL
lpxsku1394,1,listPrices,NULL,xsku1394,NULL,0,16.5000000,NULL,NULL,NULL
lpxsku1395,1,listPrices,NULL,xsku1395,NULL,0,16.5000000,NULL,NULL,NULL
lpxsku1396,1,listPrices,NULL,xsku1396,NULL,0,16.5000000,NULL,NULL,NULL
lpxsku1397,1,listPrices,NULL,xsku1397,NULL,0,16.5000000,NULL,NULL,NULL
lpxsku1398,1,listPrices,NULL,xsku1398,NULL,0,16.5000000,NULL,NULL,NULL
lpxsku1399,1,listPrices,NULL,xsku1399,NULL,0,16.5000000,NULL,NULL,NULL
lpxsku1400,1,listPrices,NULL,xsku1400,NULL,0,16.5000000,NULL,NULL,NULL
lpxsku1401,1,listPrices,NULL,xsku1401,NULL,0,16.5000000,NULL,NULL,NULL
lpxsku1402,1,listPrices,NULL,xsku1402,NULL,0,16.5000000,NULL,NULL,NULL
lpxsku1403,1,listPrices,NULL,xsku1403,NULL,0,16.5000000,NULL,NULL,NULL
lpxsku1404,1,listPrices,NULL,xsku1404,NULL,0,16.5000000,NULL,NULL,NULL
lpxsku1405,1,listPrices,NULL,xsku1405,NULL,0,16.5000000,NULL,NULL,NULL
lpxsku1406,1,listPrices,NULL,xsku1406,NULL,0,16.5000000,NULL,NULL,NULL
lpxsku1407,1,listPrices,NULL,xsku1407,NULL,0,16.5000000,NULL,NULL,NULL
lpxsku1408,1,listPrices,NULL,xsku1408,NULL,0,16.5000000,NULL,NULL,NULL
lpxsku1409,1,listPrices,NULL,xsku1409,NULL,0,16.5000000,NULL,NULL,NULL
lpxsku1410,1,listPrices,NULL,xsku1410,NULL,0,16.5000000,NULL,NULL,NULL
lpxsku1411,1,listPrices,NULL,xsku1411,NULL,0,16.5000000,NULL,NULL,NULL
lpxsku1412,1,listPrices,NULL,xsku1412,NULL,0,16.5000000,NULL,NULL,NULL
lpxsku1413,1,listPrices,NULL,xsku1413,NULL,0,16.5000000,NULL,NULL,NULL
lpxsku1414,1,listPrices,NULL,xsku1414,NULL,0,16.5000000,NULL,NULL,NULL
lpxsku1415,1,listPrices,NULL,xsku1415,NULL,0,16.5000000,NULL,NULL,NULL
lpxsku1416,1,listPrices,NULL,xsku1416,NULL,0,16.5000000,NULL,NULL,NULL
lpxsku1417,1,listPrices,NULL,xsku1417,NULL,0,16.5000000,NULL,NULL,NULL
lpxsku1418,1,listPrices,NULL,xsku1418,NULL,0,16.5000000,NULL,NULL,NULL
lpxsku1419,1,listPrices,NULL,xsku1419,NULL,0,16.5000000,NULL,NULL,NULL
lpxsku1420,1,listPrices,NULL,xsku1420,NULL,0,16.5000000,NULL,NULL,NULL
lpxsku1421,1,listPrices,NULL,xsku1421,NULL,0,16.5000000,NULL,NULL,NULL
lpxsku1422,1,listPrices,NULL,xsku1422,NULL,0,16.5000000,NULL,NULL,NULL
lpxsku1423,1,listPrices,NULL,xsku1423,NULL,0,16.5000000,NULL,NULL,NULL
lpxsku1424,1,listPrices,NULL,xsku1424,NULL,0,16.5000000,NULL,NULL,NULL
lpxsku1425,1,listPrices,NULL,xsku1425,NULL,0,16.5000000,NULL,NULL,NULL
lpxsku1426,1,listPrices,NULL,xsku1426,NULL,0,16.5000000,NULL,NULL,NULL
lpxsku1427,1,listPrices,NULL,xsku1427,NULL,0,68.0000000,NULL,NULL,NULL
lpxsku1428,1,listPrices,NULL,xsku1428,NULL,0,68.0000000,NULL,NULL,NULL
lpxsku1429,1,listPrices,NULL,xsku1429,NULL,0,68.0000000,NULL,NULL,NULL
lpxsku1430,1,listPrices,NULL,xsku1430,NULL,0,68.0000000,NULL,NULL,NULL
lpxsku1431,1,listPrices,NULL,xsku1431,NULL,0,68.0000000,NULL,NULL,NULL
lpxsku1432,1,listPrices,NULL,xsku1432,NULL,0,68.0000000,NULL,NULL,NULL
lpxsku1433,1,listPrices,NULL,xsku1433,NULL,0,250.0000000,NULL,NULL,NULL
lpxsku1434,1,listPrices,NULL,xsku1434,NULL,0,250.0000000,NULL,NULL,NULL
lpxsku1435,1,listPrices,NULL,xsku1435,NULL,0,250.0000000,NULL,NULL,NULL
lpxsku1436,1,listPrices,NULL,xsku1436,NULL,0,250.0000000,NULL,NULL,NULL
lpxsku1437,1,listPrices,NULL,xsku1437,NULL,0,250.0000000,NULL,NULL,NULL
lpxsku1438,1,listPrices,NULL,xsku1438,NULL,0,250.0000000,NULL,NULL,NULL
lpxsku1439,1,listPrices,NULL,xsku1439,NULL,0,88.0000000,NULL,NULL,NULL
lpxsku1440,1,listPrices,NULL,xsku1440,NULL,0,88.0000000,NULL,NULL,NULL
lpxsku1441,1,listPrices,NULL,xsku1441,NULL,0,88.0000000,NULL,NULL,NULL
lpxsku1442,1,listPrices,NULL,xsku1442,NULL,0,88.0000000,NULL,NULL,NULL
lpxsku1443,1,listPrices,NULL,xsku1443,NULL,0,88.0000000,NULL,NULL,NULL
lpxsku1444,1,listPrices,NULL,xsku1444,NULL,0,88.0000000,NULL,NULL,NULL
lpxsku1445,1,listPrices,NULL,xsku1445,NULL,0,48.0000000,NULL,NULL,NULL
lpxsku1446,1,listPrices,NULL,xsku1446,NULL,0,48.0000000,NULL,NULL,NULL
lpxsku1447,1,listPrices,NULL,xsku1447,NULL,0,48.0000000,NULL,NULL,NULL
lpxsku1451,1,listPrices,NULL,xsku1451,NULL,0,235.0000000,NULL,NULL,NULL
lpxsku1452,1,listPrices,NULL,xsku1452,NULL,0,235.0000000,NULL,NULL,NULL
lpxsku1453,1,listPrices,NULL,xsku1453,NULL,0,235.0000000,NULL,NULL,NULL
lpxsku2003,1,listPrices,NULL,xsku2003,NULL,0,299.0000000,NULL,NULL,NULL
lpxsku2004,1,listPrices,NULL,xsku2004,NULL,0,229.0000000,NULL,NULL,NULL
lpxsku2005,1,listPrices,NULL,xsku2005,NULL,0,99.0000000,NULL,NULL,NULL
lpxsku2006,1,listPrices,NULL,xsku2006,NULL,0,69.0000000,NULL,NULL,NULL
lpxsku2007,1,listPrices,NULL,xsku2007,NULL,0,499.0000000,NULL,NULL,NULL
lpxsku2007_1,1,listPrices,NULL,xsku2007_1,NULL,0,499.0000000,NULL,NULL,NULL
lpxsku2007_2,1,listPrices,NULL,xsku2007_2,NULL,0,499.0000000,NULL,NULL,NULL
lpxsku2008,1,listPrices,NULL,xsku2008,NULL,0,249.0000000,NULL,NULL,NULL
lpxsku2008_1,1,listPrices,NULL,xsku2008_1,NULL,0,249.0000000,NULL,NULL,NULL
lpxsku2009,1,listPrices,NULL,xsku2009,NULL,0,499.0000000,NULL,NULL,NULL
lpxsku2010,1,listPrices,NULL,xsku2010,NULL,0,649.0000000,NULL,NULL,NULL
lpxsku2011,1,listPrices,NULL,xsku2011,NULL,0,99.0000000,NULL,NULL,NULL
lpxsku2012,1,listPrices,NULL,xsku2012,NULL,0,79.0000000,NULL,NULL,NULL
lpxsku2013,1,listPrices,NULL,xsku2013,NULL,0,1499.0000000,NULL,NULL,NULL
lpxsku2014,1,listPrices,NULL,xsku2014,NULL,0,229.0000000,NULL,NULL,NULL
lpxsku2015,1,listPrices,NULL,xsku2015,NULL,0,399.0000000,NULL,NULL,NULL
lpxsku2016,1,listPrices,NULL,xsku2016,NULL,0,99.0000000,NULL,NULL,NULL
lpxsku2017,1,listPrices,NULL,xsku2017,NULL,0,99.0000000,NULL,NULL,NULL
lpxsku2018,1,listPrices,NULL,xsku2018,NULL,0,399.0000000,NULL,NULL,NULL
lpxsku2019,1,listPrices,NULL,xsku2019,NULL,0,179.0000000,NULL,NULL,NULL
lpxsku2019_1,1,listPrices,NULL,xsku2019_1,NULL,0,179.0000000,NULL,NULL,NULL
lpxsku2019_2,1,listPrices,NULL,xsku2019_2,NULL,0,179.0000000,NULL,NULL,NULL
lpxsku2019_3,1,listPrices,NULL,xsku2019_3,NULL,0,179.0000000,NULL,NULL,NULL
lpxsku2020,1,listPrices,NULL,xsku2020,NULL,0,179.0000000,NULL,NULL,NULL
lpxsku2021,1,listPrices,NULL,xsku2021,NULL,0,169.0000000,NULL,NULL,NULL
lpxsku2022,1,listPrices,NULL,xsku2022,NULL,0,59.0000000,NULL,NULL,NULL
lpxsku2023,1,listPrices,NULL,xsku2023,NULL,0,899.0000000,NULL,NULL,NULL
lpxsku2023_1,1,listPrices,NULL,xsku2023_1,NULL,0,899.0000000,NULL,NULL,NULL
lpxsku2023_2,1,listPrices,NULL,xsku2023_2,NULL,0,899.0000000,NULL,NULL,NULL
lpxsku2023_3,1,listPrices,NULL,xsku2023_3,NULL,0,899.0000000,NULL,NULL,NULL
lpxsku2024,1,listPrices,NULL,xsku2024,NULL,0,39.0000000,NULL,NULL,NULL
lpxsku2025,1,listPrices,NULL,xsku2025,NULL,0,2499.0000000,NULL,NULL,NULL
lpxsku2026,1,listPrices,NULL,xsku2026,NULL,0,499.0000000,NULL,NULL,NULL
lpxsku2028,1,listPrices,NULL,xsku2028,NULL,0,129.0000000,NULL,NULL,NULL
lpxsku2029,1,listPrices,NULL,xsku2029,NULL,0,139.0000000,NULL,NULL,NULL
lpxsku2030,1,listPrices,NULL,xsku2030,NULL,0,119.0000000,NULL,NULL,NULL
lpxsku2031,1,listPrices,NULL,xsku2031,NULL,0,89.0000000,NULL,NULL,NULL
lpxsku2032,1,listPrices,NULL,xsku2032,NULL,0,49.0000000,NULL,NULL,NULL
lpxsku2033,1,listPrices,NULL,xsku2033,NULL,0,899.0000000,NULL,NULL,NULL
lpxsku2034,1,listPrices,NULL,xsku2034,NULL,0,199.0000000,NULL,NULL,NULL
lpxsku2035,1,listPrices,NULL,xsku2035,NULL,0,89.0000000,NULL,NULL,NULL
lpxsku2035_1,1,listPrices,NULL,xsku2035_1,NULL,0,89.0000000,NULL,NULL,NULL
lpxsku2036,1,listPrices,NULL,xsku2036,NULL,0,49.0000000,NULL,NULL,NULL
lpxsku2036_1,1,listPrices,NULL,xsku2036_1,NULL,0,49.0000000,NULL,NULL,NULL
lpxsku2036_2,1,listPrices,NULL,xsku2036_2,NULL,0,49.0000000,NULL,NULL,NULL
lpxsku2036_3,1,listPrices,NULL,xsku2036_3,NULL,0,49.0000000,NULL,NULL,NULL
lpxsku2036_4,1,listPrices,NULL,xsku2036_4,NULL,0,49.0000000,NULL,NULL,NULL
lpxsku2037,1,listPrices,NULL,xsku2037,NULL,0,119.0000000,NULL,NULL,NULL
lpxsku2040,1,listPrices,NULL,xsku2040,NULL,0,399.0000000,NULL,NULL,NULL
lpxsku2041,1,listPrices,NULL,xsku2041,NULL,0,79.0000000,NULL,NULL,NULL
lpxsku2042,1,listPrices,NULL,xsku2042,NULL,0,29.0000000,NULL,NULL,NULL
lpxsku2043,1,listPrices,NULL,xsku2043,NULL,0,2399.0000000,NULL,NULL,NULL
lpxsku2044,1,listPrices,NULL,xsku2044,NULL,0,39.0000000,NULL,NULL,NULL
lpxsku2045,1,listPrices,NULL,xsku2045,NULL,0,49.0000000,NULL,NULL,NULL
lpxsku2046,1,listPrices,NULL,xsku2046,NULL,0,69.0000000,NULL,NULL,NULL
lpxsku2047,1,listPrices,NULL,xsku2047,NULL,0,139.0000000,NULL,NULL,NULL
lpxsku2048,1,listPrices,NULL,xsku2048,NULL,0,39.0000000,NULL,NULL,NULL
lpxsku2049,1,listPrices,NULL,xsku2049,NULL,0,69.0000000,NULL,NULL,NULL
lpxsku2050,1,listPrices,NULL,xsku2050,NULL,0,29.0000000,NULL,NULL,NULL
lpxsku2051,1,listPrices,NULL,xsku2051,NULL,0,39.0000000,NULL,NULL,NULL
lpxsku2053,1,listPrices,NULL,xsku2053,NULL,0,59.0000000,NULL,NULL,NULL
lpxsku2054,1,listPrices,NULL,xsku2054,NULL,0,49.0000000,NULL,NULL,NULL
lpxsku2055,1,listPrices,NULL,xsku2055,NULL,0,29.0000000,NULL,NULL,NULL
lpxsku2056,1,listPrices,NULL,xsku2056,NULL,0,79.0000000,NULL,NULL,NULL
lpxsku2057,1,listPrices,NULL,xsku2057,NULL,0,59.0000000,NULL,NULL,NULL
lpxsku2058,1,listPrices,NULL,xsku2058,NULL,0,89.0000000,NULL,NULL,NULL
lpxsku2059,1,listPrices,NULL,xsku2059,NULL,0,59.0000000,NULL,NULL,NULL
lpxsku2060,1,listPrices,NULL,xsku2060,NULL,0,69.0000000,NULL,NULL,NULL
lpxsku2061,1,listPrices,NULL,xsku2061,NULL,0,39.0000000,NULL,NULL,NULL
lpxsku2063,1,listPrices,NULL,xsku2063,NULL,0,19.0000000,NULL,NULL,NULL
lpxsku2064,1,listPrices,NULL,xsku2064,NULL,0,9.0000000,NULL,NULL,NULL
lpxsku2065,1,listPrices,NULL,xsku2065,NULL,0,19.0000000,NULL,NULL,NULL
lpxsku2066,1,listPrices,NULL,xsku2066,NULL,0,26.0000000,NULL,NULL,NULL
lpxsku2067,1,listPrices,NULL,xsku2067,NULL,0,19.0000000,NULL,NULL,NULL
lpxsku2069,1,listPrices,NULL,xsku2069,NULL,0,16.0000000,NULL,NULL,NULL
lpxsku2070,1,listPrices,NULL,xsku2070,NULL,0,39.0000000,NULL,NULL,NULL
lpxsku2071,1,listPrices,NULL,xsku2071,NULL,0,29.0000000,NULL,NULL,NULL
lpxsku2072,1,listPrices,NULL,xsku2072,NULL,0,19.0000000,NULL,NULL,NULL
lpxsku2073,1,listPrices,NULL,xsku2073,NULL,0,9.0000000,NULL,NULL,NULL
lpxsku2074,1,listPrices,NULL,xsku2074,NULL,0,12.0000000,NULL,NULL,NULL
lpxsku2075,1,listPrices,NULL,xsku2075,NULL,0,50.0000000,NULL,NULL,NULL
lpxsku2076,1,listPrices,NULL,xsku2076,NULL,0,14.0000000,NULL,NULL,NULL
lpxsku2077,1,listPrices,NULL,xsku2077,NULL,0,9.0000000,NULL,NULL,NULL
lpxsku2078,1,listPrices,NULL,xsku2078,NULL,0,11.0000000,NULL,NULL,NULL
lpxsku2079,1,listPrices,NULL,xsku2079,NULL,0,19.0000000,NULL,NULL,NULL
lpxsku2080,1,listPrices,NULL,xsku2080,NULL,0,89.0000000,NULL,NULL,NULL
lpxsku2081,1,listPrices,NULL,xsku2081,NULL,0,49.0000000,NULL,NULL,NULL
lpxsku2082,1,listPrices,NULL,xsku2082,NULL,0,29.0000000,NULL,NULL,NULL
lpxsku2083,1,listPrices,NULL,xsku2083,NULL,0,59.0000000,NULL,NULL,NULL
lpxsku2084,1,listPrices,NULL,xsku2084,NULL,0,29.0000000,NULL,NULL,NULL
lpxsku2085,1,listPrices,NULL,xsku2085,NULL,0,19.0000000,NULL,NULL,NULL
lpxsku2086,1,listPrices,NULL,xsku2086,NULL,0,8.0000000,NULL,NULL,NULL
lpxsku2087,1,listPrices,NULL,xsku2087,NULL,0,6.0000000,NULL,NULL,NULL
lpxsku2088,1,listPrices,NULL,xsku2088,NULL,0,10.0000000,NULL,NULL,NULL
lpxsku2089,1,listPrices,NULL,xsku2089,NULL,0,14.0000000,NULL,NULL,NULL
lpxsku2091,1,listPrices,NULL,xsku2091,NULL,0,149.0000000,NULL,NULL,NULL
lpxsku2091_1,1,listPrices,NULL,xsku2091_1,NULL,0,149.0000000,NULL,NULL,NULL
lpxsku2091_2,1,listPrices,NULL,xsku2091_2,NULL,0,149.0000000,NULL,NULL,NULL
lpxsku2091_3,1,listPrices,NULL,xsku2091_3,NULL,0,149.0000000,NULL,NULL,NULL
lpxsku2092,1,listPrices,NULL,xsku2092,NULL,0,179.0000000,NULL,NULL,NULL
lpxsku2095,1,listPrices,NULL,xsku2095,NULL,0,279.0000000,NULL,NULL,NULL
lpxsku2095_1,1,listPrices,NULL,xsku2095_1,NULL,0,279.0000000,NULL,NULL,NULL
lpxsku2095_2,1,listPrices,NULL,xsku2095_2,NULL,0,279.0000000,NULL,NULL,NULL
lpxsku2095_3,1,listPrices,NULL,xsku2095_3,NULL,0,279.0000000,NULL,NULL,NULL
lpxsku2095_4,1,listPrices,NULL,xsku2095_4,NULL,0,279.0000000,NULL,NULL,NULL
lpxsku2095_5,1,listPrices,NULL,xsku2095_5,NULL,0,279.0000000,NULL,NULL,NULL
lpxsku2095_6,1,listPrices,NULL,xsku2095_6,NULL,0,279.0000000,NULL,NULL,NULL
lpxsku2095_7,1,listPrices,NULL,xsku2095_7,NULL,0,279.0000000,NULL,NULL,NULL
lpxsku2095_8,1,listPrices,NULL,xsku2095_8,NULL,0,279.0000000,NULL,NULL,NULL
lpxsku2095_9,1,listPrices,NULL,xsku2095_9,NULL,0,279.0000000,NULL,NULL,NULL
lpxsku2096,1,listPrices,NULL,xsku2096,NULL,0,599.0000000,NULL,NULL,NULL
lpxsku2096_1,1,listPrices,NULL,xsku2096_1,NULL,0,599.0000000,NULL,NULL,NULL
lpxsku2098,1,listPrices,NULL,xsku2098,NULL,0,239.0000000,NULL,NULL,NULL
lpxsku2099,1,listPrices,NULL,xsku2099,NULL,0,2499.0000000,NULL,NULL,NULL
lpxsku2100,1,listPrices,NULL,xsku2100,NULL,0,499.0000000,NULL,NULL,NULL
lpxsku2101,1,listPrices,NULL,xsku2101,NULL,0,469.0000000,NULL,NULL,NULL
lpxsku2102,1,listPrices,NULL,xsku2102,NULL,0,369.0000000,NULL,NULL,NULL
lpxsku2103,1,listPrices,NULL,xsku2103,NULL,0,499.0000000,NULL,NULL,NULL
lpxsku2103_1,1,listPrices,NULL,xsku2103_1,NULL,0,499.0000000,NULL,NULL,NULL
lpxsku2103_2,1,listPrices,NULL,xsku2103_2,NULL,0,499.0000000,NULL,NULL,NULL
lpxsku2103_3,1,listPrices,NULL,xsku2103_3,NULL,0,499.0000000,NULL,NULL,NULL
lpxsku2103_4,1,listPrices,NULL,xsku2103_4,NULL,0,499.0000000,NULL,NULL,NULL
lpxsku2103_5,1,listPrices,NULL,xsku2103_5,NULL,0,499.0000000,NULL,NULL,NULL
lpxsku2103_6,1,listPrices,NULL,xsku2103_6,NULL,0,499.0000000,NULL,NULL,NULL
lpxsku2104,1,listPrices,NULL,xsku2104,NULL,0,119.0000000,NULL,NULL,NULL
lpxsku2105,1,listPrices,NULL,xsku2105,NULL,0,179.0000000,NULL,NULL,NULL
lpxsku2106,1,listPrices,NULL,xsku2106,NULL,0,599.0000000,NULL,NULL,NULL
lpxsku2106_1,1,listPrices,NULL,xsku2106_1,NULL,0,599.0000000,NULL,NULL,NULL
lpxsku2106_2,1,listPrices,NULL,xsku2106_2,NULL,0,599.0000000,NULL,NULL,NULL
lpxsku2106_3,1,listPrices,NULL,xsku2106_3,NULL,0,599.0000000,NULL,NULL,NULL
